3.0, 2.98, .74, NaN, NaN, NaN
3.0, 3.02, .75, NaN, NaN, NaN
3.0, 2.99, .75, NaN, NaN, NaN
3.0, 2.98, .74, NaN, NaN, NaN
3.0, 3.02, .76, NaN, NaN, NaN
3.0, 2.98, .74, NaN, NaN, NaN
3.0, 2.85, .71, NaN, NaN, NaN
3.0, 3.00, .75, NaN, NaN, NaN
2.0, 2.50, .62, NaN, NaN, NaN
3.0, 2.97, .74, NaN, NaN, NaN
3.0, 2.93, .73, NaN, NaN, NaN
3.0, 2.99, .75, NaN, NaN, NaN
3.0, 2.98, .74, NaN, NaN, NaN
3.0, 3.04, .76, NaN, NaN, NaN
4.0, 3.01, .75, NaN, NaN, NaN
8.0, 8.72, .67, .75, NaN, NaN
10.0, 8.93, .70, .74, NaN, NaN
10.0, 9.04, .70, .73, NaN, NaN
10.0, 9.22, .71, .73, NaN, NaN
9.0, 8.98, .63, .75, NaN, NaN
9.0, 8.88, .70, .74, NaN, NaN
10.0, 9.42, .71, .75, NaN, NaN
10.0, 9.46, .72, .75, NaN, NaN
9.0, 8.64, .61, .76, NaN, NaN
9.0, 8.71, .68, .76, NaN, NaN
7.0, 8.51, .65, .74, NaN, NaN
9.0, 8.65, .67, .75, NaN, NaN
11.0, 9.76, .78, .75, NaN, NaN
9.0, 9.82, .75, .75, NaN, NaN
10.0, 9.95, .76, .75, NaN, NaN
9.0, 9.84, .75, .74, NaN, NaN
10.0, 9.80, .75, .75, NaN, NaN
10.0, 10.24, .76, .75, NaN, NaN
9.0, 9.56, .73, .74, NaN, NaN
10.0, 9.82, .71, .76, NaN, NaN
8.0, 9.71, .76, .75, NaN, NaN
11.0, 9.82, .78, .73, NaN, NaN
10.0, 10.04, .78, .74, NaN, NaN
10.0, 9.59, .74, .75, NaN, NaN
11.0, 9.69, .74, .76, NaN, NaN
10.0, 9.13, .73, .73, NaN, NaN
11.0, 9.76, .75, .76, NaN, NaN
10.0, 9.32, .72, .73, NaN, NaN
10.0, 9.60, .74, .75, NaN, NaN
9.0, 9.38, .79, .73, NaN, NaN
9.0, 9.94, .77, .73, NaN, NaN
11.0, 10.22, .78, .75, NaN, NaN
9.0, 8.76, .73, .70, NaN, NaN
10.0, 9.66, .72, .75, NaN, NaN
10.0, 10.08, .81, .75, NaN, NaN
10.0, 10.30, .80, .75, NaN, NaN
11.0, 9.80, .80, .72, NaN, NaN
7.0, 10.28, .79, .75, NaN, NaN
13.0, 10.28, .81, .76, NaN, NaN
11.0, 10.99, .86, .76, NaN, NaN
7.0, 10.74, .85, .75, NaN, NaN
15.0, 9.46, .87, .65, NaN, NaN
14.0, 13.06, .86, .95, NaN, NaN
14.0, 13.35, .86, .97, NaN, NaN
13.0, 12.88, .85, .92, NaN, NaN
11.0, 13.01, .85, .96, NaN, NaN
14.0, 13.50, .90, .95, NaN, NaN
14.0, 13.79, .90, .95, NaN, NaN
15.0, 14.14, .92, .97, NaN, NaN
10.0, 13.95, .91, .96, NaN, NaN
14.0, 14.06, .91, .96, NaN, NaN
12.0, 13.88, .90, .95, NaN, NaN
15.0, 13.79, .91, .94, NaN, NaN
14.0, 14.11, .92, .98, NaN, NaN
15.0, 14.05, .91, .97, NaN, NaN
15.0, 14.05, .88, .97, NaN, NaN
14.0, 13.81, .91, .96, NaN, NaN
15.0, 13.94, .88, .97, NaN, NaN
14.0, 14.00, .89, .96, NaN, NaN
15.0, 14.33, .94, .96, NaN, NaN
15.0, 14.78, .95, .96, NaN, NaN
13.0, 14.60, .96, .96, NaN, NaN
15.0, 14.38, .96, .95, NaN, NaN
12.0, 15.10, .96, .98, NaN, NaN
14.0, 14.77, .95, .97, NaN, NaN
16.0, 14.86, .97, .96, NaN, NaN
16.0, 14.57, .95, .95, NaN, NaN
15.0, 14.79, .97, .96, NaN, NaN
15.0, 14.10, .96, .92, NaN, NaN
12.0, 14.73, .95, .96, NaN, NaN
12.0, 14.94, .97, .97, NaN, NaN
12.0, 14.98, .93, .97, NaN, NaN
16.0, 14.76, .96, .96, NaN, NaN
16.0, 14.94, .98, .97, NaN, NaN
15.0, 14.79, .98, .95, NaN, NaN
15.0, 14.65, .95, .96, NaN, NaN
16.0, 14.50, .98, .93, NaN, NaN
16.0, 15.00, .97, .98, NaN, NaN
16.0, 14.80, .98, .95, NaN, NaN
15.0, 14.64, .96, .97, NaN, NaN
15.0, 15.00, .96, .98, NaN, NaN
12.0, 14.65, .96, .95, NaN, NaN
15.0, 14.87, .97, .96, NaN, NaN
11.0, 14.59, .94, .95, NaN, NaN
16.0, 14.33, .96, .92, NaN, NaN
11.0, 14.36, .96, .94, NaN, NaN
16.0, 14.97, .97, .97, NaN, NaN
10.0, 14.61, .95, .96, NaN, NaN
15.0, 14.79, .95, .97, NaN, NaN
15.0, 14.96, .96, .97, NaN, NaN
15.0, 14.93, .96, .97, NaN, NaN
15.0, 14.85, .95, .96, NaN, NaN
15.0, 15.19, .96, .98, NaN, NaN
16.0, 14.85, .97, .96, NaN, NaN
15.0, 15.06, .96, .97, NaN, NaN
16.0, 14.88, .97, .97, NaN, NaN
16.0, 14.92, .96, .97, NaN, NaN
15.0, 14.70, .95, .96, NaN, NaN
15.0, 14.47, .96, .94, NaN, NaN
14.0, 14.83, .96, .96, NaN, NaN
16.0, 14.78, .96, .95, NaN, NaN
11.0, 14.38, .95, .93, NaN, NaN
16.0, 14.93, .97, .97, NaN, NaN
15.0, 14.49, .94, .95, NaN, NaN
15.0, 14.88, .95, .96, NaN, NaN
15.0, 14.59, .95, .95, NaN, NaN
16.0, 14.48, .93, .96, NaN, NaN
16.0, 14.68, .97, .95, NaN, NaN
16.0, 14.81, .98, .95, NaN, NaN
16.0, 14.75, .98, .96, NaN, NaN
16.0, 14.57, .97, .95, NaN, NaN
16.0, 15.04, .98, .97, NaN, NaN
14.0, 14.89, .98, .96, NaN, NaN
15.0, 14.81, .95, .97, NaN, NaN
11.0, 14.62, .95, .95, NaN, NaN
12.0, 14.65, .96, .95, NaN, NaN
15.0, 15.23, .97, .98, NaN, NaN
16.0, 14.66, .97, .95, NaN, NaN
14.0, 14.95, .97, .96, NaN, NaN
16.0, 14.67, .95, .95, NaN, NaN
16.0, 14.29, .96, .93, NaN, NaN
15.0, 14.60, .95, .95, NaN, NaN
16.0, 14.89, .95, .98, NaN, NaN
16.0, 14.48, .97, .94, NaN, NaN
15.0, 14.64, .94, .96, NaN, NaN
12.0, 14.77, .94, .96, NaN, NaN
16.0, 15.06, .97, .98, NaN, NaN
16.0, 14.81, .96, .97, NaN, NaN
16.0, 14.93, .99, .96, NaN, NaN
16.0, 14.76, .97, .95, NaN, NaN
15.0, 14.96, .96, .97, NaN, NaN
15.0, 15.07, .95, .98, NaN, NaN
15.0, 14.66, .96, .95, NaN, NaN
14.0, 14.90, .97, .96, NaN, NaN
15.0, 14.44, .97, .94, NaN, NaN
16.0, 15.10, .99, .97, NaN, NaN
16.0, 14.89, .95, .97, NaN, NaN
12.0, 15.17, .98, .98, NaN, NaN
16.0, 14.78, .96, .96, NaN, NaN
16.0, 14.95, .98, .96, NaN, NaN
16.0, 15.14, .96, .98, NaN, NaN
16.0, 14.82, .97, .96, NaN, NaN
16.0, 14.83, .95, .96, NaN, NaN
16.0, 14.79, .96, .96, NaN, NaN
16.0, 14.98, .97, .96, NaN, NaN
16.0, 15.04, .97, .97, NaN, NaN
14.0, 14.62, .98, .94, NaN, NaN
14.0, 14.89, .96, .97, NaN, NaN
15.0, 15.13, .96, .97, NaN, NaN
15.0, 14.38, .96, .93, NaN, NaN
16.0, 14.77, .97, .96, NaN, NaN
15.0, 14.90, .96, .96, NaN, NaN
16.0, 14.56, .97, .95, NaN, NaN
16.0, 14.86, .95, .97, NaN, NaN
16.0, 14.88, .97, .97, NaN, NaN
15.0, 15.15, .97, .97, NaN, NaN
15.0, 15.09, .96, .97, NaN, NaN
16.0, 14.67, .96, .95, NaN, NaN
16.0, 14.84, .96, .96, NaN, NaN
16.0, 15.00, .97, .97, NaN, NaN
12.0, 14.64, .97, .95, NaN, NaN
12.0, 14.75, .97, .95, NaN, NaN
16.0, 14.99, .98, .96, NaN, NaN
16.0, 15.19, .97, .98, NaN, NaN
16.0, 14.81, .96, .97, NaN, NaN
15.0, 15.03, .96, .97, NaN, NaN
16.0, 14.77, .96, .95, NaN, NaN
16.0, 14.86, .96, .97, NaN, NaN
15.0, 14.81, .96, .96, NaN, NaN
16.0, 14.38, .97, .92, NaN, NaN
11.0, 14.33, .97, .92, NaN, NaN
16.0, 14.98, .95, .98, NaN, NaN
16.0, 14.82, .98, .95, NaN, NaN
16.0, 14.95, .97, .97, NaN, NaN
12.0, 14.98, .97, .97, NaN, NaN
14.0, 14.99, .96, .97, NaN, NaN
11.0, 14.90, .96, .96, NaN, NaN
12.0, 14.71, .96, .95, NaN, NaN
16.0, 14.88, .98, .96, NaN, NaN
15.0, 14.96, .97, .96, NaN, NaN
16.0, 14.88, .95, .97, NaN, NaN
15.0, 15.01, .96, .97, NaN, NaN
16.0, 15.19, .95, .98, NaN, NaN
16.0, 14.81, .96, .96, NaN, NaN
15.0, 15.18, .97, .98, NaN, NaN
16.0, 15.20, .96, .98, NaN, NaN
14.0, 15.07, .96, .98, NaN, NaN
11.0, 14.87, .97, .96, NaN, NaN
15.0, 14.95, .97, .97, NaN, NaN
16.0, 14.52, .94, .94, NaN, NaN
15.0, 14.87, .95, .97, NaN, NaN
11.0, 14.97, .95, .97, NaN, NaN
14.0, 14.96, .96, .97, NaN, NaN
10.0, 14.88, .98, .96, NaN, NaN
15.0, 14.91, .97, .96, NaN, NaN
16.0, 15.07, .97, .97, NaN, NaN
15.0, 15.10, .97, .98, NaN, NaN
16.0, 14.84, .96, .96, NaN, NaN
15.0, 14.96, .98, .97, NaN, NaN
12.0, 14.89, .96, .97, NaN, NaN
16.0, 15.08, .97, .97, NaN, NaN
16.0, 14.67, .96, .95, NaN, NaN
15.0, 14.80, .98, .96, NaN, NaN
16.0, 15.15, .98, .98, NaN, NaN
16.0, 14.67, .96, .95, NaN, NaN
15.0, 14.91, .97, .96, NaN, NaN
16.0, 15.04, .97, .97, NaN, NaN
11.0, 14.88, .95, .97, NaN, NaN
14.0, 15.05, .96, .97, NaN, NaN
14.0, 14.61, .96, .94, NaN, NaN
16.0, 14.96, .98, .96, NaN, NaN
16.0, 14.97, .96, .97, NaN, NaN
16.0, 14.63, .94, .95, NaN, NaN
16.0, 14.50, .98, .94, NaN, NaN
12.0, 15.00, .96, .97, NaN, NaN
16.0, 14.88, .96, .96, NaN, NaN
16.0, 15.05, .95, .97, NaN, NaN
14.0, 15.00, .97, .96, NaN, NaN
11.0, 14.79, .96, .96, NaN, NaN
16.0, 15.16, .97, .97, NaN, NaN
10.0, 14.43, .95, .94, NaN, NaN
12.0, 14.73, .98, .94, NaN, NaN
16.0, 14.79, .96, .96, NaN, NaN
15.0, 14.95, .96, .96, NaN, NaN
16.0, 14.69, .96, .96, NaN, NaN
16.0, 15.12, .94, .98, NaN, NaN
16.0, 14.93, .97, .96, NaN, NaN
16.0, 14.81, .97, .95, NaN, NaN
16.0, 15.02, .95, .97, NaN, NaN
11.0, 15.12, .98, .97, NaN, NaN
15.0, 14.85, .96, .97, NaN, NaN
11.0, 14.98, .97, .96, NaN, NaN
15.0, 15.04, .97, .97, NaN, NaN
16.0, 15.06, .98, .97, NaN, NaN
16.0, 14.74, .97, .95, NaN, NaN
12.0, 14.86, .97, .96, NaN, NaN
16.0, 15.01, .97, .97, NaN, NaN
12.0, 14.91, .97, .96, NaN, NaN
16.0, 14.86, .97, .96, NaN, NaN
16.0, 15.17, .97, .98, NaN, NaN
16.0, 14.86, .96, .96, NaN, NaN
16.0, 14.96, .97, .96, NaN, NaN
15.0, 14.98, .96, .97, NaN, NaN
11.0, 15.06, .96, .98, NaN, NaN
12.0, 14.96, .96, .97, NaN, NaN
12.0, 15.21, .97, .98, NaN, NaN
16.0, 14.87, .98, .96, NaN, NaN
15.0, 14.74, .97, .95, NaN, NaN
16.0, 15.25, .98, .98, NaN, NaN
12.0, 14.94, .97, .96, NaN, NaN
15.0, 14.84, .97, .97, NaN, NaN
16.0, 14.93, .96, .96, NaN, NaN
12.0, 14.65, .97, .95, NaN, NaN
16.0, 14.97, .97, .96, NaN, NaN
16.0, 14.87, .98, .96, NaN, NaN
16.0, 14.94, .95, .97, NaN, NaN
15.0, 15.12, .97, .97, NaN, NaN
15.0, 15.17, .96, .98, NaN, NaN
14.0, 14.94, .97, .96, NaN, NaN
15.0, 15.12, .97, .97, NaN, NaN
16.0, 14.84, .97, .96, NaN, NaN
16.0, 15.04, .98, .97, NaN, NaN
16.0, 15.05, .96, .97, NaN, NaN
10.0, 14.72, .97, .96, NaN, NaN
15.0, 15.05, .97, .97, NaN, NaN
16.0, 14.45, .97, .94, NaN, NaN
16.0, 15.01, .99, .97, NaN, NaN
15.0, 14.87, .97, .96, NaN, NaN
15.0, 15.00, .97, .97, NaN, NaN
15.0, 14.80, .96, .95, NaN, NaN
16.0, 14.91, .95, .96, NaN, NaN
16.0, 14.96, .97, .96, NaN, NaN
16.0, 14.73, .94, .96, NaN, NaN
12.0, 14.46, .98, .93, NaN, NaN
14.0, 14.99, .96, .97, NaN, NaN
15.0, 14.82, .97, .96, NaN, NaN
16.0, 15.03, .96, .97, NaN, NaN
15.0, 14.98, .96, .97, NaN, NaN
15.0, 14.72, .97, .95, NaN, NaN
12.0, 14.66, .97, .95, NaN, NaN
11.0, 15.05, .97, .98, NaN, NaN
14.0, 15.06, .96, .97, NaN, NaN
15.0, 14.75, .98, .96, NaN, NaN
12.0, 14.84, .96, .96, NaN, NaN
14.0, 14.86, .95, .97, NaN, NaN
13.0, 15.03, .96, .97, NaN, NaN
15.0, 14.79, .97, .95, NaN, NaN
16.0, 15.05, .97, .97, NaN, NaN
16.0, 15.02, .95, .97, NaN, NaN
16.0, 14.84, .97, .96, NaN, NaN
12.0, 15.00, .98, .96, NaN, NaN
12.0, 14.71, .95, .95, NaN, NaN
16.0, 14.62, .98, .95, NaN, NaN
15.0, 15.06, .96, .97, NaN, NaN
15.0, 14.93, .95, .96, NaN, NaN
15.0, 14.80, .96, .96, NaN, NaN
15.0, 14.94, .94, .97, NaN, NaN
15.0, 15.05, .96, .98, NaN, NaN
15.0, 15.01, .97, .97, NaN, NaN
15.0, 14.68, .95, .95, NaN, NaN
15.0, 14.79, .96, .95, NaN, NaN
15.0, 14.64, .96, .94, NaN, NaN
15.0, 14.79, .95, .97, NaN, NaN
15.0, 14.95, .96, .96, NaN, NaN
16.0, 14.92, .95, .96, NaN, NaN
16.0, 15.07, .99, .97, NaN, NaN
16.0, 14.41, .97, .93, NaN, NaN
16.0, 15.13, .97, .98, NaN, NaN
16.0, 14.94, .96, .97, NaN, NaN
14.0, 14.85, .96, .96, NaN, NaN
15.0, 14.79, .96, .96, NaN, NaN
15.0, 14.98, .98, .96, NaN, NaN
16.0, 15.03, .97, .97, NaN, NaN
16.0, 15.03, .97, .97, NaN, NaN
15.0, 14.96, .96, .96, NaN, NaN
16.0, 15.00, .97, .97, NaN, NaN
16.0, 14.94, .96, .97, NaN, NaN
15.0, 15.06, .97, .97, NaN, NaN
12.0, 14.77, .95, .96, NaN, NaN
14.0, 14.68, .98, .96, NaN, NaN
16.0, 15.08, .96, .97, NaN, NaN
15.0, 14.72, .96, .95, NaN, NaN
16.0, 14.84, .97, .96, NaN, NaN
16.0, 15.06, .95, .98, NaN, NaN
15.0, 14.73, .93, .96, NaN, NaN
16.0, 14.88, .97, .96, NaN, NaN
14.0, 14.72, .97, .95, NaN, NaN
14.0, 14.54, .94, .94, NaN, NaN
14.0, 14.91, .97, .96, NaN, NaN
15.0, 14.90, .96, .96, NaN, NaN
15.0, 14.80, .96, .96, NaN, NaN
16.0, 15.00, .97, .97, NaN, NaN
15.0, 14.68, .97, .95, NaN, NaN
16.0, 14.99, .96, .97, NaN, NaN
4.0, 15.14, .96, .98, NaN, NaN
23.0, 18.88, .64, .59, .49, NaN
15.0, 16.96, .65, .59, .39, NaN
16.0, 16.48, .67, .65, .29, NaN
18.0, 16.75, .68, .60, .31, NaN
23.0, 16.68, .69, .62, .31, NaN
22.0, 18.30, .70, .63, .37, NaN
26.0, 23.80, .73, .66, .51, NaN
26.0, 22.75, .75, .63, .51, NaN
16.0, 23.35, .73, .63, .49, NaN
23.0, 17.07, .74, .62, .33, NaN
26.0, 18.20, .73, .62, .39, NaN
35.0, 35.29, .74, .74, .88, NaN
29.0, 31.38, .76, .63, .93, NaN
36.0, 33.73, .74, .70, .93, NaN
40.0, 34.90, .75, .68, .97, NaN
30.0, 33.18, .75, .65, .99, NaN
32.0, 31.62, .74, .66, .90, NaN
36.0, 30.47, .74, .63, .93, NaN
29.0, 31.29, .78, .65, .91, NaN
29.0, 30.05, .78, .62, .87, NaN
31.0, 31.59, .76, .65, .94, NaN
28.0, 31.32, .76, .64, .94, NaN
40.0, 32.88, .78, .72, .87, NaN
36.0, 34.63, .77, .70, .90, NaN
35.0, 35.26, .79, .70, .93, NaN
36.0, 35.44, .78, .71, .96, NaN
40.0, 37.57, .82, .79, .89, NaN
42.0, 40.68, .79, .78, .93, NaN
50.0, 45.08, .82, .89, .96, NaN
50.0, 46.83, .81, .90, .96, NaN
49.0, 46.42, .80, .91, .97, NaN
37.0, 45.00, .78, .87, .99, NaN
48.0, 44.88, .79, .90, .98, NaN
47.0, 45.09, .77, .92, .96, NaN
50.0, 45.33, .81, .90, .98, NaN
50.0, 46.37, .83, .89, .97, NaN
51.0, 49.54, .85, .93, .97, NaN
38.0, 48.01, .82, .95, .93, NaN
50.0, 49.78, .84, .95, .97, NaN
41.0, 50.16, .83, .97, .96, NaN
46.0, 48.63, .79, .96, .94, NaN
43.0, 49.84, .84, .96, .96, NaN
39.0, 49.12, .83, .94, .96, NaN
54.0, 49.50, .84, .97, .96, NaN
54.0, 49.20, .83, .93, .95, NaN
55.0, 50.24, .84, .96, .98, NaN
54.0, 51.02, .83, .96, .98, NaN
54.0, 49.51, .83, .96, .96, NaN
47.0, 49.23, .80, .97, .98, NaN
42.0, 50.77, .87, .97, .96, NaN
55.0, 51.41, .84, .96, .97, NaN
49.0, 51.20, .85, .96, .98, NaN
52.0, 51.46, .84, .94, .97, NaN
49.0, 51.91, .87, .97, .96, NaN
55.0, 51.33, .87, .97, .96, NaN
55.0, 51.62, .83, .97, .97, NaN
56.0, 52.08, .85, .96, .97, NaN
53.0, 51.33, .86, .98, .96, NaN
52.0, 51.87, .86, .97, .98, NaN
55.0, 50.74, .85, .93, .98, NaN
48.0, 50.35, .84, .94, .97, NaN
42.0, 50.74, .83, .96, .97, NaN
52.0, 50.56, .86, .96, .96, NaN
54.0, 52.25, .86, .98, .97, NaN
43.0, 51.04, .82, .96, .98, NaN
49.0, 50.36, .86, .93, .96, NaN
55.0, 51.37, .86, .96, .96, NaN
57.0, 51.28, .86, .97, .95, NaN
57.0, 51.83, .87, .98, .96, NaN
56.0, 52.14, .87, .96, .96, NaN
49.0, 50.98, .86, .95, .97, NaN
54.0, 49.24, .87, .97, .92, NaN
55.0, 51.31, .85, .98, .97, NaN
51.0, 51.75, .85, .96, .97, NaN
41.0, 50.83, .83, .95, .97, NaN
55.0, 50.25, .85, .96, .95, NaN
56.0, 52.08, .87, .98, .96, NaN
48.0, 51.12, .83, .95, .96, NaN
42.0, 50.45, .85, .97, .94, NaN
49.0, 52.51, .86, .97, .98, NaN
51.0, 51.65, .85, .97, .97, NaN
41.0, 50.39, .84, .96, .94, NaN
54.0, 49.53, .84, .92, .95, NaN
54.0, 51.29, .83, .97, .97, NaN
54.0, 52.37, .86, .96, .98, NaN
52.0, 50.80, .86, .96, .95, NaN
56.0, 52.91, .87, .95, .99, NaN
45.0, 52.35, .86, .96, .98, NaN
52.0, 52.50, .86, .96, .97, NaN
42.0, 51.80, .85, .98, .96, NaN
50.0, 51.91, .87, .95, .97, NaN
49.0, 53.06, .86, .98, .97, NaN
57.0, 52.69, .88, .97, .97, NaN
52.0, 51.36, .88, .96, .95, NaN
53.0, 48.63, .85, .96, .90, NaN
45.0, 52.41, .87, .95, .97, NaN
54.0, 52.85, .87, .97, .98, NaN
55.0, 52.36, .88, .98, .97, NaN
58.0, 52.22, .88, .95, .97, NaN
58.0, 53.20, .88, .97, .98, NaN
55.0, 51.66, .86, .95, .96, NaN
55.0, 51.07, .87, .97, .95, NaN
56.0, 52.04, .84, .94, .97, NaN
42.0, 53.33, .87, .97, .98, NaN
55.0, 51.04, .88, .94, .95, NaN
40.0, 51.08, .84, .96, .96, NaN
52.0, 49.25, .83, .97, .94, NaN
54.0, 51.31, .84, .97, .98, NaN
56.0, 51.60, .86, .96, .97, NaN
51.0, 51.64, .84, .96, .98, NaN
51.0, 51.96, .86, .97, .98, NaN
42.0, 52.01, .87, .97, .96, NaN
56.0, 52.60, .86, .95, .97, NaN
51.0, 52.74, .88, .96, .97, NaN
59.0, 53.39, .87, .96, .97, NaN
52.0, 52.71, .90, .97, .94, NaN
57.0, 53.67, .89, .97, .98, NaN
56.0, 51.11, .86, .95, .93, NaN
58.0, 52.82, .90, .96, .96, NaN
58.0, 52.72, .89, .96, .97, NaN
45.0, 50.99, .88, .94, .95, NaN
55.0, 52.76, .91, .95, .94, NaN
52.0, 53.15, .89, .97, .95, NaN
57.0, 53.52, .90, .96, .97, NaN
55.0, 54.57, .89, .95, .98, NaN
55.0, 53.55, .89, .96, .98, NaN
55.0, 53.38, .89, .98, .95, NaN
55.0, 51.61, .89, .98, .93, NaN
57.0, 54.21, .89, .97, .98, NaN
43.0, 52.97, .88, .96, .96, NaN
42.0, 53.56, .92, .97, .95, NaN
46.0, 53.48, .92, .97, .95, NaN
59.0, 54.97, .89, .97, .97, NaN
53.0, 54.20, .88, .98, .98, NaN
55.0, 52.31, .90, .96, .93, NaN
56.0, 54.78, .91, .95, .98, NaN
58.0, 53.75, .90, .95, .96, NaN
60.0, 52.64, .90, .96, .94, NaN
52.0, 55.23, .92, .97, .98, NaN
55.0, 54.28, .90, .95, .97, NaN
53.0, 54.56, .90, .97, .97, NaN
57.0, 55.28, .92, .96, .97, NaN
53.0, 54.05, .90, .96, .96, NaN
40.0, 54.74, .91, .97, .97, NaN
52.0, 52.02, .90, .96, .91, NaN
59.0, 54.46, .93, .96, .96, NaN
60.0, 53.22, .91, .96, .96, NaN
59.0, 55.37, .92, .95, .98, NaN
57.0, 55.30, .91, .98, .96, NaN
57.0, 54.05, .90, .97, .94, NaN
57.0, 54.66, .91, .97, .96, NaN
58.0, 54.78, .91, .95, .98, NaN
42.0, 53.08, .89, .96, .94, NaN
57.0, 53.36, .91, .97, .94, NaN
59.0, 54.55, .92, .95, .97, NaN
55.0, 55.35, .89, .98, .97, NaN
59.0, 53.57, .90, .97, .95, NaN
60.0, 55.25, .92, .98, .97, NaN
56.0, 55.16, .91, .96, .97, NaN
59.0, 54.76, .92, .98, .96, NaN
47.0, 56.54, .92, .97, .98, NaN
58.0, 53.56, .89, .95, .94, NaN
44.0, 52.38, .91, .97, .93, NaN
41.0, 54.33, .91, .95, .96, NaN
56.0, 54.58, .92, .96, .95, NaN
61.0, 54.10, .93, .97, .94, NaN
47.0, 56.17, .94, .96, .98, NaN
59.0, 56.16, .91, .98, .97, NaN
51.0, 54.83, .93, .95, .97, NaN
55.0, 55.50, .91, .96, .98, NaN
44.0, 55.14, .92, .97, .96, NaN
59.0, 55.63, .91, .97, .98, NaN
43.0, 53.95, .90, .97, .95, NaN
59.0, 54.02, .91, .98, .94, NaN
43.0, 55.42, .93, .97, .98, NaN
58.0, 55.13, .90, .97, .97, NaN
56.0, 56.32, .91, .96, .98, NaN
55.0, 53.81, .92, .98, .94, NaN
55.0, 54.56, .91, .97, .96, NaN
56.0, 55.44, .90, .97, .98, NaN
57.0, 55.77, .90, .98, .98, NaN
59.0, 53.42, .90, .98, .93, NaN
55.0, 55.43, .89, .97, .98, NaN
59.0, 53.83, .89, .96, .95, NaN
55.0, 54.36, .91, .97, .96, NaN
48.0, 53.97, .91, .94, .96, NaN
51.0, 55.48, .92, .96, .97, NaN
55.0, 54.88, .92, .97, .96, NaN
60.0, 55.74, .91, .98, .97, NaN
60.0, 55.75, .92, .97, .97, NaN
58.0, 54.22, .90, .96, .95, NaN
56.0, 53.26, .93, .96, .95, NaN
51.0, 54.45, .92, .98, .95, NaN
57.0, 55.68, .93, .97, .97, NaN
58.0, 55.64, .92, .97, .97, NaN
60.0, 54.81, .92, .97, .97, NaN
57.0, 55.06, .89, .95, .98, NaN
55.0, 52.54, .89, .95, .94, NaN
56.0, 53.70, .90, .96, .96, NaN
58.0, 52.29, .92, .97, .92, NaN
50.0, 52.86, .90, .95, .95, NaN
45.0, 53.86, .91, .96, .95, NaN
57.0, 52.62, .91, .97, .92, NaN
43.0, 53.55, .90, .96, .96, NaN
54.0, 51.53, .91, .97, .91, NaN
56.0, 53.75, .91, .97, .94, NaN
54.0, 53.85, .92, .97, .95, NaN
61.0, 53.83, .92, .96, .96, NaN
57.0, 54.87, .91, .96, .97, NaN
59.0, 54.22, .92, .95, .96, NaN
53.0, 54.22, .92, .97, .95, NaN
57.0, 55.98, .90, .97, .98, NaN
61.0, 50.12, .92, .98, .86, NaN
58.0, 54.07, .91, .96, .95, NaN
42.0, 52.15, .92, .96, .92, NaN
58.0, 53.62, .92, .96, .95, NaN
57.0, 53.81, .89, .97, .96, NaN
44.0, 53.68, .89, .96, .95, NaN
45.0, 54.00, .89, .96, .96, NaN
58.0, 53.51, .90, .97, .95, NaN
57.0, 54.57, .91, .97, .97, NaN
54.0, 54.70, .89, .98, .96, NaN
56.0, 54.45, .91, .96, .96, NaN
56.0, 54.65, .90, .97, .97, NaN
58.0, 53.18, .91, .97, .94, NaN
46.0, 54.92, .89, .97, .97, NaN
58.0, 53.05, .90, .96, .95, NaN
56.0, 54.78, .91, .98, .98, NaN
55.0, 53.92, .90, .95, .97, NaN
58.0, 54.51, .91, .97, .96, NaN
58.0, 54.03, .89, .97, .96, NaN
60.0, 55.38, .90, .98, .98, NaN
57.0, 54.36, .90, .95, .98, NaN
57.0, 55.09, .91, .97, .97, NaN
58.0, 53.70, .89, .96, .97, NaN
55.0, 55.66, .90, .97, .97, NaN
54.0, 53.43, .87, .97, .96, NaN
55.0, 51.96, .88, .96, .94, NaN
57.0, 53.80, .89, .98, .97, NaN
53.0, 53.23, .89, .96, .97, NaN
54.0, 54.01, .90, .96, .98, NaN
59.0, 53.83, .89, .97, .97, NaN
50.0, 53.47, .88, .98, .95, NaN
54.0, 54.76, .91, .96, .97, NaN
47.0, 55.77, .90, .98, .98, NaN
58.0, 55.17, .92, .97, .98, NaN
56.0, 51.79, .92, .95, .92, NaN
43.0, 54.67, .91, .96, .96, NaN
56.0, 54.33, .92, .94, .97, NaN
57.0, 55.66, .92, .97, .96, NaN
56.0, 55.42, .92, .97, .98, NaN
60.0, 54.58, .93, .97, .95, NaN
60.0, 56.38, .93, .97, .98, NaN
56.0, 56.93, .93, .96, .98, NaN
46.0, 55.95, .93, .97, .97, NaN
45.0, 56.02, .93, .97, .96, NaN
62.0, 56.44, .94, .96, .98, NaN
46.0, 56.64, .92, .97, .98, NaN
55.0, 57.86, .91, .98, .99, NaN
52.0, 55.68, .92, .96, .97, NaN
53.0, 56.53, .92, .98, .97, NaN
57.0, 56.68, .93, .96, .98, NaN
47.0, 56.59, .94, .96, .97, NaN
44.0, 55.57, .92, .96, .95, NaN
57.0, 54.60, .93, .96, .95, NaN
61.0, 55.18, .94, .97, .95, NaN
54.0, 54.94, .93, .97, .94, NaN
59.0, 56.34, .92, .97, .98, NaN
43.0, 51.97, .92, .98, .90, NaN
55.0, 54.01, .91, .98, .94, NaN
46.0, 53.41, .92, .95, .94, NaN
58.0, 55.46, .93, .97, .96, NaN
58.0, 54.78, .94, .96, .94, NaN
55.0, 55.98, .92, .96, .97, NaN
63.0, 56.40, .94, .98, .96, NaN
59.0, 54.43, .94, .95, .95, NaN
60.0, 55.22, .93, .97, .97, NaN
59.0, 55.17, .93, .97, .96, NaN
59.0, 56.19, .92, .97, .97, NaN
53.0, 56.62, .92, .98, .99, NaN
45.0, 56.25, .93, .97, .97, NaN
57.0, 56.09, .95, .96, .96, NaN
58.0, 54.86, .93, .96, .94, NaN
59.0, 56.05, .94, .97, .97, NaN
61.0, 57.07, .95, .98, .97, NaN
59.0, 56.81, .94, .96, .98, NaN
57.0, 57.03, .94, .97, .97, NaN
59.0, 54.36, .95, .97, .93, NaN
46.0, 57.05, .93, .97, .98, NaN
60.0, 56.68, .93, .96, .98, NaN
46.0, 54.55, .94, .96, .94, NaN
59.0, 56.33, .94, .96, .96, NaN
43.0, 55.08, .95, .96, .94, NaN
60.0, 56.99, .94, .98, .98, NaN
58.0, 57.01, .92, .97, .98, NaN
47.0, 57.76, .96, .98, .98, NaN
56.0, 56.76, .92, .97, .96, NaN
55.0, 55.98, .94, .97, .96, NaN
57.0, 55.63, .93, .97, .95, NaN
46.0, 56.17, .94, .97, .96, NaN
60.0, 56.76, .92, .97, .98, NaN
60.0, 54.84, .91, .97, .94, NaN
51.0, 56.04, .95, .97, .96, NaN
57.0, 56.05, .95, .97, .95, NaN
60.0, 56.19, .93, .97, .96, NaN
60.0, 56.62, .95, .97, .98, NaN
60.0, 56.72, .94, .96, .97, NaN
61.0, 57.18, .94, .97, .97, NaN
57.0, 53.16, .93, .96, .91, NaN
43.0, 56.74, .94, .96, .97, NaN
60.0, 56.24, .94, .97, .96, NaN
43.0, 54.63, .93, .97, .93, NaN
56.0, 56.43, .95, .97, .95, NaN
60.0, 56.63, .93, .97, .98, NaN
60.0, 54.45, .92, .97, .94, NaN
59.0, 56.40, .93, .97, .97, NaN
56.0, 55.61, .92, .97, .96, NaN
47.0, 54.95, .92, .96, .96, NaN
58.0, 54.24, .93, .97, .96, NaN
60.0, 55.61, .94, .97, .94, NaN
59.0, 57.20, .94, .98, .98, NaN
57.0, 56.75, .94, .98, .97, NaN
58.0, 55.16, .95, .97, .94, NaN
60.0, 57.36, .93, .95, .99, NaN
62.0, 57.39, .94, .98, .98, NaN
58.0, 56.40, .92, .97, .96, NaN
57.0, 56.73, .97, .96, .97, NaN
61.0, 57.01, .96, .96, .95, NaN
59.0, 57.23, .94, .97, .97, NaN
63.0, 57.26, .95, .96, .98, NaN
59.0, 56.91, .95, .97, .97, NaN
55.0, 56.35, .95, .96, .95, NaN
58.0, 55.63, .95, .96, .94, NaN
56.0, 56.51, .96, .97, .95, NaN
59.0, 57.77, .96, .97, .98, NaN
62.0, 57.01, .95, .98, .96, NaN
60.0, 55.42, .95, .97, .94, NaN
47.0, 55.53, .96, .95, .94, NaN
62.0, 56.53, .94, .97, .95, NaN
59.0, 57.05, .95, .98, .96, NaN
55.0, 57.72, .94, .97, .98, NaN
45.0, 57.54, .95, .96, .97, NaN
60.0, 57.24, .96, .97, .97, NaN
59.0, 58.48, .96, .97, .98, NaN
63.0, 56.99, .95, .97, .96, NaN
47.0, 57.60, .94, .97, .98, NaN
60.0, 57.76, .96, .97, .97, NaN
45.0, 57.32, .95, .97, .98, NaN
58.0, 54.36, .94, .97, .92, NaN
57.0, 57.65, .96, .97, .98, NaN
62.0, 56.37, .97, .98, .94, NaN
60.0, 57.28, .94, .96, .97, NaN
61.0, 56.30, .96, .95, .95, NaN
44.0, 56.87, .96, .96, .97, NaN
57.0, 55.68, .95, .98, .94, NaN
48.0, 57.09, .96, .98, .96, NaN
43.0, 55.33, .94, .96, .94, NaN
60.0, 57.10, .93, .96, .98, NaN
60.0, 56.65, .95, .97, .95, NaN
55.0, 56.82, .95, .98, .96, NaN
57.0, 57.88, .96, .97, .99, NaN
63.0, 56.85, .95, .97, .96, NaN
58.0, 57.33, .96, .96, .97, NaN
58.0, 57.89, .92, .98, .98, NaN
47.0, 55.12, .95, .97, .93, NaN
47.0, 56.00, .96, .94, .96, NaN
51.0, 54.81, .96, .96, .92, NaN
51.0, 56.09, .94, .97, .96, NaN
62.0, 56.30, .95, .97, .96, NaN
63.0, 57.38, .96, .97, .97, NaN
61.0, 57.49, .95, .96, .98, NaN
56.0, 57.17, .95, .98, .95, NaN
60.0, 58.21, .96, .97, .99, NaN
56.0, 55.22, .95, .94, .95, NaN
48.0, 54.27, .96, .95, .93, NaN
61.0, 55.84, .96, .95, .96, NaN
46.0, 56.09, .94, .96, .95, NaN
58.0, 56.80, .95, .95, .97, NaN
58.0, 57.07, .95, .96, .96, NaN
59.0, 55.78, .94, .96, .94, NaN
57.0, 57.63, .95, .96, .97, NaN
46.0, 57.28, .96, .98, .97, NaN
56.0, 56.37, .96, .95, .96, NaN
62.0, 55.16, .95, .96, .94, NaN
62.0, 58.09, .96, .97, .97, NaN
58.0, 56.06, .95, .97, .95, NaN
47.0, 56.84, .94, .96, .96, NaN
59.0, 56.19, .95, .97, .95, NaN
63.0, 57.66, .97, .99, .97, NaN
59.0, 54.88, .92, .95, .94, NaN
47.0, 56.92, .96, .97, .96, NaN
57.0, 56.13, .95, .97, .96, NaN
47.0, 56.33, .94, .96, .96, NaN
55.0, 56.89, .94, .96, .96, NaN
60.0, 56.58, .94, .96, .97, NaN
62.0, 57.34, .95, .98, .97, NaN
63.0, 57.27, .95, .97, .97, NaN
63.0, 58.11, .96, .96, .98, NaN
53.0, 58.60, .96, .97, .99, NaN
59.0, 57.51, .94, .97, .97, NaN
61.0, 54.95, .94, .96, .94, NaN
58.0, 57.45, .95, .97, .97, NaN
60.0, 58.08, .94, .98, .98, NaN
58.0, 56.45, .94, .96, .96, NaN
59.0, 55.80, .93, .97, .95, NaN
62.0, 57.62, .95, .97, .97, NaN
46.0, 54.86, .95, .94, .93, NaN
51.0, 56.82, .94, .97, .95, NaN
58.0, 55.69, .95, .94, .95, NaN
46.0, 55.54, .96, .95, .94, NaN
60.0, 56.64, .94, .97, .96, NaN
59.0, 58.54, .95, .98, .98, NaN
56.0, 56.64, .95, .96, .96, NaN
46.0, 56.89, .95, .96, .97, NaN
61.0, 55.70, .94, .97, .95, NaN
60.0, 57.35, .94, .96, .97, NaN
40.0, 57.27, .94, .97, .97, NaN
56.0, 57.36, .95, .98, .97, NaN
57.0, 56.79, .97, .98, .95, NaN
61.0, 55.05, .93, .97, .94, NaN
58.0, 57.98, .94, .95, .99, NaN
60.0, 57.66, .96, .96, .98, NaN
59.0, 57.28, .94, .98, .97, NaN
56.0, 57.62, .95, .98, .97, NaN
60.0, 56.56, .95, .97, .97, NaN
61.0, 57.92, .94, .98, .97, NaN
58.0, 58.70, .96, .97, .99, NaN
59.0, 57.38, .96, .97, .97, NaN
61.0, 58.58, .94, .98, .98, NaN
57.0, 57.61, .96, .97, .97, NaN
62.0, 57.61, .96, .97, .97, NaN
60.0, 57.59, .96, .96, .97, NaN
47.0, 56.68, .94, .96, .96, NaN
42.0, 56.36, .95, .97, .94, NaN
59.0, 56.77, .96, .97, .96, NaN
46.0, 57.85, .96, .96, .98, NaN
42.0, 54.62, .95, .95, .94, NaN
55.0, 56.60, .96, .97, .96, NaN
60.0, 58.95, .96, .97, .99, NaN
59.0, 58.05, .94, .98, .98, NaN
61.0, 58.19, .95, .96, .99, NaN
61.0, 58.05, .96, .97, .97, NaN
58.0, 55.97, .96, .98, .95, NaN
62.0, 57.86, .95, .97, .97, NaN
61.0, 56.38, .96, .98, .94, NaN
51.0, 57.53, .96, .97, .96, NaN
62.0, 57.96, .96, .96, .98, NaN
47.0, 57.16, .96, .98, .96, NaN
58.0, 56.11, .94, .96, .97, NaN
61.0, 56.27, .95, .96, .95, NaN
59.0, 55.58, .96, .98, .95, NaN
60.0, 56.79, .95, .97, .96, NaN
56.0, 57.71, .95, .97, .97, NaN
57.0, 54.37, .94, .97, .93, NaN
62.0, 57.50, .96, .98, .97, NaN
46.0, 56.70, .96, .96, .96, NaN
61.0, 57.12, .95, .97, .97, NaN
60.0, 57.69, .95, .97, .97, NaN
61.0, 56.93, .96, .96, .96, NaN
61.0, 57.85, .96, .98, .97, NaN
56.0, 56.97, .95, .97, .97, NaN
58.0, 57.11, .95, .95, .97, NaN
60.0, 58.42, .96, .98, .98, NaN
60.0, 56.87, .95, .97, .97, NaN
42.0, 56.98, .95, .98, .95, NaN
62.0, 57.94, .96, .97, .98, NaN
53.0, 57.02, .95, .97, .96, NaN
39.0, 55.66, .95, .94, .95, NaN
47.0, 56.32, .96, .96, .95, NaN
60.0, 56.80, .95, .94, .97, NaN
62.0, 56.99, .96, .97, .97, NaN
54.0, 57.86, .96, .97, .98, NaN
62.0, 57.99, .95, .97, .98, NaN
60.0, 57.83, .96, .97, .98, NaN
58.0, 57.95, .96, .97, .98, NaN
61.0, 57.50, .93, .97, .96, NaN
57.0, 53.38, .94, .98, .90, NaN
59.0, 56.49, .96, .98, .94, NaN
63.0, 55.88, .96, .97, .95, NaN
57.0, 57.17, .95, .97, .96, NaN
62.0, 57.30, .95, .97, .96, NaN
60.0, 57.79, .96, .98, .96, NaN
55.0, 57.55, .95, .95, .98, NaN
59.0, 56.91, .93, .96, .97, NaN
60.0, 57.47, .95, .98, .96, NaN
59.0, 57.47, .96, .96, .97, NaN
58.0, 57.21, .97, .97, .96, NaN
60.0, 57.59, .95, .98, .97, NaN
59.0, 56.38, .95, .96, .96, NaN
44.0, 53.57, .95, .97, .90, NaN
45.0, 55.80, .94, .96, .94, NaN
61.0, 58.56, .95, .98, .98, NaN
41.0, 58.20, .94, .98, .98, NaN
48.0, 54.21, .94, .97, .93, NaN
60.0, 55.50, .95, .97, .93, NaN
63.0, 56.84, .94, .96, .96, NaN
60.0, 57.12, .95, .98, .95, NaN
60.0, 56.89, .97, .97, .95, NaN
63.0, 57.89, .96, .96, .97, NaN
61.0, 58.31, .95, .96, .99, NaN
61.0, 56.70, .96, .97, .96, NaN
61.0, 57.70, .95, .96, .98, NaN
62.0, 57.81, .94, .96, .99, NaN
56.0, 56.34, .96, .97, .95, NaN
58.0, 55.55, .95, .97, .93, NaN
44.0, 56.61, .91, .97, .97, NaN
46.0, 55.88, .96, .97, .94, NaN
57.0, 55.40, .95, .98, .95, NaN
62.0, 57.20, .96, .97, .97, NaN
61.0, 57.05, .93, .97, .96, NaN
58.0, 58.36, .95, .97, .98, NaN
59.0, 57.42, .95, .96, .97, NaN
62.0, 55.42, .95, .95, .94, NaN
57.0, 57.32, .95, .97, .96, NaN
47.0, 54.58, .96, .96, .92, NaN
59.0, 56.70, .94, .97, .94, NaN
44.0, 57.26, .95, .96, .97, NaN
62.0, 57.22, .95, .96, .96, NaN
60.0, 57.03, .96, .97, .96, NaN
48.0, 56.94, .96, .94, .97, NaN
60.0, 53.00, .95, .97, .89, NaN
58.0, 57.94, .95, .97, .97, NaN
60.0, 57.78, .95, .96, .99, NaN
56.0, 56.70, .97, .97, .96, NaN
56.0, 57.43, .97, .96, .97, NaN
62.0, 57.51, .96, .97, .98, NaN
56.0, 56.42, .94, .97, .95, NaN
61.0, 58.37, .95, .98, .98, NaN
61.0, 55.70, .95, .96, .95, NaN
60.0, 57.72, .96, .96, .98, NaN
54.0, 58.33, .95, .97, .98, NaN
57.0, 57.89, .96, .97, .98, NaN
57.0, 57.87, .95, .96, .98, NaN
53.0, 58.13, .95, .97, .98, NaN
60.0, 56.62, .95, .96, .96, NaN
58.0, 57.40, .95, .96, .97, NaN
57.0, 56.76, .94, .95, .99, NaN
61.0, 55.17, .95, .97, .94, NaN
45.0, 56.48, .93, .97, .95, NaN
55.0, 56.33, .95, .96, .95, NaN
56.0, 57.10, .94, .98, .96, NaN
62.0, 55.99, .96, .98, .94, NaN
45.0, 56.53, .94, .97, .97, NaN
47.0, 57.34, .95, .97, .96, NaN
61.0, 57.86, .95, .97, .97, NaN
63.0, 56.32, .96, .96, .95, NaN
54.0, 57.86, .97, .97, .97, NaN
59.0, 56.72, .95, .95, .97, NaN
59.0, 57.29, .95, .97, .98, NaN
52.0, 55.25, .93, .96, .95, NaN
57.0, 55.09, .91, .96, .96, NaN
57.0, 53.56, .92, .96, .94, NaN
46.0, 56.04, .93, .96, .97, NaN
56.0, 55.47, .94, .96, .96, NaN
58.0, 56.82, .91, .96, .99, NaN
56.0, 55.42, .92, .96, .95, NaN
57.0, 55.90, .94, .96, .96, NaN
61.0, 55.44, .93, .96, .97, NaN
51.0, 54.22, .91, .94, .95, NaN
47.0, 55.82, .91, .97, .98, NaN
59.0, 56.28, .94, .97, .98, NaN
56.0, 56.19, .93, .96, .97, NaN
60.0, 54.87, .93, .96, .95, NaN
40.0, 55.11, .91, .96, .96, NaN
60.0, 56.69, .92, .97, .98, NaN
60.0, 55.58, .93, .98, .97, NaN
54.0, 55.78, .92, .95, .98, NaN
59.0, 55.62, .93, .97, .97, NaN
58.0, 55.75, .93, .96, .97, NaN
55.0, 56.06, .93, .98, .97, NaN
57.0, 55.66, .94, .97, .97, NaN
56.0, 55.96, .94, .96, .97, NaN
61.0, 56.92, .94, .96, .98, NaN
56.0, 54.59, .94, .96, .94, NaN
56.0, 54.89, .93, .97, .96, NaN
52.0, 56.57, .94, .97, .97, NaN
46.0, 56.38, .93, .97, .97, NaN
41.0, 56.08, .93, .98, .96, NaN
48.0, 56.89, .98, .96, .96, NaN
47.0, 57.66, .97, .96, .96, NaN
62.0, 58.37, .95, .98, .96, NaN
55.0, 57.16, .96, .96, .96, NaN
63.0, 56.45, .97, .96, .95, NaN
60.0, 58.53, .95, .97, .98, NaN
59.0, 57.97, .96, .96, .97, NaN
61.0, 57.88, .95, .96, .98, NaN
62.0, 58.45, .97, .97, .97, NaN
47.0, 58.15, .96, .97, .97, NaN
49.0, 56.65, .95, .96, .95, NaN
60.0, 56.56, .97, .96, .96, NaN
62.0, 58.88, .97, .97, .98, NaN
56.0, 58.05, .96, .96, .97, NaN
60.0, 58.09, .94, .98, .96, NaN
59.0, 57.94, .96, .96, .96, NaN
64.0, 57.10, .98, .95, .96, NaN
46.0, 58.50, .96, .97, .98, NaN
61.0, 55.88, .96, .97, .93, NaN
41.0, 55.09, .95, .96, .92, NaN
47.0, 57.69, .98, .96, .96, NaN
54.0, 58.07, .97, .96, .97, NaN
57.0, 56.94, .97, .96, .96, NaN
46.0, 56.20, .97, .95, .94, NaN
63.0, 57.88, .97, .97, .97, NaN
54.0, 57.48, .95, .96, .96, NaN
60.0, 57.80, .98, .96, .97, NaN
63.0, 58.07, .98, .96, .98, NaN
55.0, 57.92, .97, .98, .96, NaN
62.0, 57.03, .97, .98, .95, NaN
61.0, 56.68, .96, .98, .96, NaN
61.0, 57.63, .97, .97, .96, NaN
63.0, 55.24, .97, .97, .94, NaN
61.0, 58.10, .97, .97, .96, NaN
59.0, 58.54, .95, .98, .97, NaN
59.0, 57.80, .97, .97, .97, NaN
60.0, 58.44, .96, .96, .98, NaN
54.0, 57.93, .95, .97, .96, NaN
60.0, 57.26, .96, .97, .96, NaN
53.0, 59.00, .97, .97, .98, NaN
57.0, 57.22, .96, .96, .96, NaN
62.0, 56.08, .95, .98, .92, NaN
62.0, 56.83, .97, .97, .95, NaN
61.0, 57.99, .97, .97, .97, NaN
61.0, 57.51, .97, .96, .96, NaN
64.0, 55.42, .96, .97, .92, NaN
59.0, 58.32, .96, .97, .97, NaN
59.0, 57.89, .96, .96, .97, NaN
64.0, 57.80, .97, .97, .96, NaN
63.0, 58.74, .96, .97, .98, NaN
57.0, 59.10, .97, .98, .98, NaN
59.0, 57.87, .97, .98, .96, NaN
62.0, 58.01, .94, .97, .98, NaN
63.0, 58.45, .98, .97, .97, NaN
62.0, 57.97, .97, .97, .96, NaN
47.0, 56.49, .97, .94, .95, NaN
54.0, 58.21, .96, .97, .98, NaN
43.0, 57.07, .96, .97, .95, NaN
59.0, 56.78, .97, .97, .94, NaN
61.0, 57.14, .97, .95, .96, NaN
47.0, 57.84, .96, .96, .97, NaN
57.0, 57.98, .98, .96, .96, NaN
62.0, 58.15, .96, .96, .98, NaN
60.0, 58.11, .96, .96, .97, NaN
60.0, 56.62, .96, .97, .96, NaN
60.0, 58.60, .96, .97, .98, NaN
48.0, 57.87, .95, .98, .97, NaN
48.0, 57.37, .97, .96, .96, NaN
57.0, 56.93, .95, .96, .95, NaN
57.0, 57.62, .96, .97, .96, NaN
59.0, 57.33, .97, .96, .95, NaN
4.0, 57.20, .94, .97, .96, NaN
53.0, 76.86, .60, .61, .64, .50
58.0, 57.69, .61, .60, .67, .32
83.0, 65.34, .62, .62, .58, .53
76.0, 82.17, .62, .64, .55, .77
94.0, 86.85, .67, .63, .63, .75
94.0, 88.03, .66, .63, .71, .73
102.0, 95.49, .68, .62, .70, .74
97.0, 96.15, .67, .63, .72, .76
93.0, 90.97, .68, .59, .69, .75
84.0, 97.59, .70, .64, .67, .75
83.0, 94.29, .68, .63, .70, .75
116.0, 99.02, .70, .65, .70, .76
117.0, 103.47, .72, .67, .74, .75
109.0, 103.33, .73, .67, .73, .75
95.0, 101.44, .74, .70, .72, .74
91.0, 105.53, .73, .70, .74, .73
107.0, 107.82, .72, .74, .75, .76
117.0, 111.34, .73, .70, .74, .76
113.0, 112.58, .75, .71, .73, .75
91.0, 103.63, .74, .76, .72, .68
104.0, 106.03, .74, .73, .72, .75
109.0, 110.63, .75, .75, .75, .75
118.0, 106.37, .75, .75, .73, .75
118.0, 115.35, .74, .77, .75, .76
113.0, 114.92, .74, .74, .75, .75
116.0, 112.90, .74, .76, .74, .75
105.0, 111.47, .76, .74, .75, .76
106.0, 118.07, .76, .77, .73, .75
119.0, 113.02, .75, .74, .73, .75
112.0, 115.21, .76, .77, .73, .77
105.0, 111.80, .76, .76, .74, .74
114.0, 119.89, .75, .75, .76, .74
121.0, 119.87, .76, .78, .74, .79
124.0, 112.75, .76, .75, .75, .75
123.0, 119.20, .76, .76, .75, .76
117.0, 115.76, .75, .79, .75, .76
119.0, 111.46, .75, .80, .74, .76
132.0, 119.54, .77, .79, .73, .75
109.0, 121.08, .76, .80, .73, .76
113.0, 113.83, .75, .79, .74, .75
122.0, 123.90, .77, .77, .74, .76
124.0, 123.02, .78, .77, .75, .73
117.0, 118.24, .77, .78, .75, .75
123.0, 118.92, .77, .80, .75, .75
126.0, 111.69, .77, .79, .69, .75
115.0, 120.87, .78, .80, .76, .75
122.0, 117.29, .79, .78, .76, .75
132.0, 125.64, .80, .78, .75, .73
119.0, 119.85, .78, .79, .74, .75
123.0, 119.28, .79, .81, .75, .75
115.0, 120.85, .79, .82, .76, .76
127.0, 117.27, .80, .81, .75, .75
124.0, 127.73, .80, .84, .74, .75
136.0, 120.96, .80, .81, .69, .75
127.0, 123.74, .79, .81, .75, .75
137.0, 120.79, .79, .81, .73, .75
106.0, 120.31, .81, .81, .72, .76
117.0, 121.20, .80, .81, .74, .76
122.0, 121.81, .80, .82, .74, .75
113.0, 116.17, .79, .82, .72, .74
119.0, 121.43, .79, .80, .74, .75
126.0, 123.36, .80, .82, .75, .74
124.0, 119.24, .80, .83, .73, .77
105.0, 117.36, .81, .78, .75, .75
131.0, 123.13, .79, .80, .77, .75
124.0, 117.68, .80, .79, .76, .75
123.0, 118.72, .80, .81, .75, .74
111.0, 122.62, .80, .82, .74, .76
109.0, 121.98, .80, .82, .75, .75
120.0, 126.66, .80, .84, .75, .77
123.0, 122.43, .80, .81, .75, .78
126.0, 120.81, .79, .82, .74, .75
125.0, 123.56, .80, .82, .77, .75
133.0, 133.38, .81, .80, .81, .79
132.0, 128.54, .81, .81, .82, .75
132.0, 126.36, .79, .82, .79, .75
140.0, 124.17, .80, .81, .81, .75
126.0, 120.47, .81, .81, .82, .70
120.0, 126.47, .80, .81, .79, .77
133.0, 125.56, .80, .82, .80, .75
131.0, 130.70, .81, .84, .80, .75
132.0, 139.09, .80, .86, .79, .81
138.0, 122.34, .81, .85, .80, .71
127.0, 134.73, .81, .86, .80, .75
140.0, 128.98, .79, .82, .79, .78
139.0, 130.38, .81, .81, .81, .74
122.0, 127.97, .82, .80, .80, .76
100.0, 105.91, .81, .82, .78, .62
144.0, 123.49, .82, .83, .81, .74
118.0, 131.61, .80, .82, .80, .77
130.0, 124.74, .80, .80, .81, .74
116.0, 131.90, .81, .81, .79, .81
133.0, 128.30, .82, .82, .81, .77
130.0, 127.45, .80, .83, .79, .74
132.0, 129.37, .81, .81, .81, .75
120.0, 119.89, .81, .82, .80, .69
143.0, 129.61, .81, .82, .80, .76
120.0, 126.37, .81, .83, .81, .75
135.0, 127.14, .83, .81, .83, .75
126.0, 129.21, .79, .81, .83, .75
110.0, 124.99, .82, .81, .80, .76
132.0, 127.35, .81, .81, .81, .75
124.0, 136.81, .81, .80, .84, .78
134.0, 130.13, .83, .82, .80, .76
136.0, 130.56, .80, .82, .80, .74
120.0, 133.23, .83, .83, .80, .76
113.0, 130.75, .83, .82, .81, .79
119.0, 125.12, .81, .80, .83, .75
136.0, 129.47, .82, .83, .81, .76
129.0, 131.03, .82, .85, .83, .76
141.0, 128.66, .83, .84, .81, .75
128.0, 129.09, .82, .84, .81, .74
135.0, 127.04, .80, .86, .85, .75
99.0, 129.15, .82, .82, .80, .76
132.0, 125.96, .81, .83, .83, .74
132.0, 132.08, .83, .83, .84, .76
128.0, 128.69, .82, .86, .81, .75
126.0, 128.82, .81, .81, .82, .75
140.0, 127.97, .82, .81, .83, .75
121.0, 129.95, .82, .80, .81, .74
130.0, 131.18, .82, .83, .84, .75
132.0, 132.80, .81, .81, .83, .75
152.0, 130.67, .81, .82, .83, .76
133.0, 127.23, .82, .81, .84, .75
129.0, 120.29, .80, .82, .79, .75
129.0, 127.82, .83, .86, .77, .75
137.0, 125.54, .84, .85, .76, .76
126.0, 134.21, .82, .85, .84, .75
114.0, 133.09, .82, .82, .81, .76
122.0, 125.48, .83, .86, .80, .78
136.0, 132.91, .81, .87, .84, .76
136.0, 132.58, .82, .86, .84, .73
118.0, 132.20, .82, .85, .84, .74
142.0, 137.38, .83, .83, .84, .76
139.0, 132.45, .83, .88, .85, .72
143.0, 138.53, .83, .87, .85, .76
134.0, 134.75, .81, .88, .84, .75
117.0, 133.05, .81, .87, .84, .73
138.0, 129.50, .82, .88, .83, .71
108.0, 133.25, .82, .87, .84, .72
139.0, 126.63, .82, .88, .83, .67
143.0, 137.17, .81, .87, .86, .75
146.0, 135.74, .83, .86, .83, .77
113.0, 138.86, .83, .88, .83, .74
125.0, 141.51, .85, .85, .80, .80
118.0, 131.94, .84, .87, .80, .75
116.0, 116.66, .85, .89, .68, .76
129.0, 127.98, .83, .89, .73, .75
125.0, 121.86, .84, .86, .81, .66
142.0, 143.09, .85, .87, .85, .77
144.0, 142.61, .85, .88, .87, .76
142.0, 128.92, .85, .88, .84, .68
124.0, 137.68, .86, .88, .86, .74
135.0, 136.80, .83, .87, .83, .75
138.0, 139.05, .83, .87, .84, .75
128.0, 142.45, .84, .88, .83, .77
143.0, 139.46, .83, .88, .86, .76
142.0, 143.13, .83, .86, .86, .74
134.0, 143.82, .84, .87, .87, .74
153.0, 142.32, .85, .86, .85, .74
138.0, 141.40, .83, .87, .87, .73
136.0, 144.62, .84, .87, .87, .75
130.0, 135.03, .81, .87, .86, .75
106.0, 129.54, .84, .86, .83, .72
144.0, 141.26, .83, .89, .86, .73
123.0, 133.15, .83, .88, .84, .76
140.0, 139.06, .83, .87, .86, .76
128.0, 145.47, .83, .88, .85, .77
133.0, 145.17, .84, .87, .85, .78
160.0, 137.61, .85, .87, .85, .74
159.0, 139.94, .84, .87, .83, .75
143.0, 143.89, .85, .87, .85, .78
142.0, 139.99, .86, .87, .85, .75
150.0, 142.92, .85, .89, .86, .76
119.0, 142.37, .85, .85, .85, .75
145.0, 144.27, .85, .89, .85, .75
101.0, 150.06, .84, .87, .86, .78
136.0, 139.90, .85, .88, .86, .75
126.0, 137.06, .83, .86, .85, .73
98.0, 133.54, .84, .86, .83, .75
135.0, 140.70, .84, .88, .85, .79
143.0, 136.19, .85, .87, .84, .74
136.0, 141.65, .82, .88, .84, .77
132.0, 127.46, .83, .88, .86, .68
123.0, 134.68, .84, .86, .85, .76
145.0, 136.76, .83, .87, .83, .76
161.0, 147.04, .82, .88, .86, .81
171.0, 168.03, .83, .89, .86, .99
170.0, 166.87, .83, .89, .86, .98
147.0, 166.52, .83, .91, .86, .95
162.0, 165.07, .83, .88, .86, .95
147.0, 165.39, .84, .89, .85, .95
154.0, 162.62, .82, .87, .85, .96
149.0, 169.86, .84, .91, .84, .99
187.0, 167.40, .83, .90, .84, .97
176.0, 170.31, .83, .91, .85, .97
142.0, 158.69, .84, .89, .86, .90
178.0, 141.63, .83, .90, .85, .75
168.0, 166.19, .81, .90, .84, .99
141.0, 170.75, .83, .92, .86, .99
174.0, 171.03, .82, .90, .85, .99
148.0, 149.37, .82, .89, .85, .81
171.0, 161.14, .81, .90, .86, .91
153.0, 153.85, .83, .89, .85, .84
165.0, 161.10, .83, .89, .83, .95
130.0, 170.49, .83, .91, .86, .97
147.0, 167.57, .84, .90, .86, .95
125.0, 164.34, .84, .90, .82, .98
168.0, 162.41, .83, .91, .81, .99
162.0, 160.09, .84, .91, .79, .99
164.0, 154.59, .82, .91, .77, .96
178.0, 158.37, .84, .90, .81, .95
153.0, 159.01, .83, .89, .79, .99
164.0, 162.44, .85, .91, .80, .99
131.0, 136.51, .85, .89, .79, .78
165.0, 154.92, .84, .91, .79, .93
143.0, 161.10, .83, .91, .80, .97
169.0, 169.29, .84, .89, .85, .96
184.0, 166.56, .85, .91, .86, .93
168.0, 171.77, .84, .91, .86, .97
170.0, 167.15, .85, .90, .84, .96
176.0, 176.99, .85, .90, .86, 1.00
172.0, 169.05, .86, .89, .85, .95
175.0, 174.46, .86, .90, .85, .99
180.0, 166.19, .85, .91, .85, .95
177.0, 177.03, .86, .92, .85, .99
175.0, 175.58, .84, .91, .87, .99
171.0, 176.26, .85, .89, .87, .99
177.0, 172.14, .85, .90, .85, 1.00
164.0, 174.39, .85, .91, .84, 1.00
173.0, 168.24, .86, .89, .87, .94
184.0, 171.13, .86, .89, .84, .99
192.0, 173.38, .85, .89, .87, .98
182.0, 170.44, .86, .90, .86, .95
177.0, 166.50, .85, .90, .86, .93
164.0, 164.13, .86, .89, .84, .94
173.0, 172.07, .86, .89, .85, .99
155.0, 174.12, .86, .90, .86, .98
187.0, 176.62, .87, .91, .84, 1.00
171.0, 176.38, .86, .91, .87, .97
163.0, 168.60, .86, .90, .84, .93
181.0, 166.08, .86, .89, .84, .96
188.0, 167.03, .86, .90, .84, .97
169.0, 175.40, .87, .89, .86, .99
174.0, 172.60, .87, .90, .86, .99
181.0, 171.57, .86, .91, .86, .95
162.0, 172.21, .88, .89, .84, .98
186.0, 175.95, .86, .89, .84, 1.00
141.0, 172.12, .86, .89, .84, .99
124.0, 167.37, .87, .88, .85, .93
178.0, 172.48, .87, .90, .85, .96
182.0, 170.52, .88, .89, .86, .95
168.0, 166.09, .85, .90, .81, .98
176.0, 174.10, .85, .89, .86, .99
151.0, 172.18, .86, .89, .85, .96
98.0, 164.79, .86, .90, .85, .92
180.0, 174.92, .86, .91, .85, .98
145.0, 175.68, .86, .91, .86, .97
186.0, 171.81, .86, .91, .85, .94
183.0, 180.11, .87, .89, .86, .97
162.0, 169.96, .86, .90, .83, .98
174.0, 171.24, .86, .92, .86, .95
185.0, 171.64, .87, .90, .85, .96
143.0, 174.35, .87, .89, .86, .98
184.0, 171.80, .88, .90, .85, .97
190.0, 175.85, .86, .89, .86, .98
181.0, 179.89, .87, .90, .87, .99
167.0, 169.41, .86, .90, .85, .95
170.0, 175.19, .88, .90, .84, .99
179.0, 171.41, .89, .90, .85, .97
174.0, 171.48, .88, .88, .85, .97
153.0, 169.22, .87, .89, .82, .98
163.0, 169.75, .87, .91, .82, 1.00
161.0, 166.51, .87, .90, .84, .96
131.0, 168.03, .85, .90, .83, 1.00
143.0, 178.38, .86, .91, .88, .98
177.0, 166.96, .87, .90, .84, .97
181.0, 174.44, .86, .91, .86, .99
161.0, 163.81, .86, .90, .83, .94
157.0, 166.22, .87, .90, .81, .99
165.0, 163.87, .88, .91, .84, .90
167.0, 168.54, .86, .89, .84, .97
155.0, 171.94, .87, .90, .84, .95
183.0, 178.29, .87, .91, .87, .97
200.0, 177.06, .88, .91, .86, .98
172.0, 173.03, .87, .90, .83, 1.00
181.0, 174.78, .86, .91, .85, .97
173.0, 173.71, .87, .91, .84, .98
132.0, 165.02, .88, .87, .82, .96
160.0, 172.62, .88, .90, .83, .99
180.0, 170.03, .89, .90, .85, .95
182.0, 176.56, .89, .90, .86, .98
170.0, 172.72, .88, .90, .85, .94
148.0, 175.70, .90, .89, .84, .98
176.0, 172.59, .87, .91, .85, .95
180.0, 166.43, .88, .89, .82, .96
169.0, 174.14, .87, .88, .85, .98
176.0, 170.71, .89, .90, .84, .95
159.0, 176.34, .88, .91, .86, .98
180.0, 164.94, .88, .91, .85, .88
171.0, 175.21, .89, .89, .86, .97
174.0, 175.89, .88, .91, .85, .97
173.0, 180.14, .88, .90, .85, .99
185.0, 174.07, .88, .90, .85, .96
176.0, 176.92, .88, .91, .85, .97
193.0, 172.74, .89, .90, .85, .96
176.0, 178.34, .90, .89, .87, .99
184.0, 176.79, .88, .90, .85, .97
145.0, 181.11, .90, .90, .87, .99
143.0, 165.31, .89, .90, .82, .93
179.0, 168.54, .89, .90, .81, .99
182.0, 175.31, .88, .90, .86, .97
178.0, 177.27, .88, .90, .85, .98
187.0, 177.89, .89, .91, .87, .97
157.0, 174.81, .89, .90, .83, .98
181.0, 179.57, .88, .90, .86, .98
195.0, 176.02, .86, .90, .86, .97
163.0, 174.74, .88, .91, .85, .96
167.0, 176.25, .88, .91, .84, .98
193.0, 175.01, .88, .90, .84, .98
187.0, 180.89, .88, .90, .86, .99
145.0, 176.79, .87, .92, .84, .99
154.0, 159.35, .86, .90, .82, .92
181.0, 171.81, .89, .88, .85, .98
143.0, 172.26, .88, .91, .87, .94
147.0, 173.76, .87, .89, .85, .97
158.0, 176.14, .89, .91, .86, .97
150.0, 179.25, .88, .88, .87, .98
186.0, 176.79, .89, .90, .87, .96
179.0, 176.15, .88, .89, .87, .97
185.0, 165.85, .89, .90, .83, .91
172.0, 175.86, .88, .90, .85, .99
177.0, 171.40, .89, .90, .82, .98
170.0, 153.87, .89, .90, .75, .98
166.0, 167.56, .88, .91, .80, 1.00
186.0, 161.56, .89, .90, .78, .97
160.0, 170.46, .88, .90, .81, .98
160.0, 155.85, .89, .89, .76, .99
186.0, 169.31, .89, .90, .84, .95
195.0, 171.90, .89, .89, .85, .95
192.0, 177.25, .90, .91, .85, .97
192.0, 178.79, .89, .90, .86, .96
183.0, 175.61, .89, .90, .87, .95
178.0, 179.69, .88, .89, .86, .99
179.0, 176.62, .91, .89, .85, .98
186.0, 177.10, .89, .90, .86, .97
186.0, 178.83, .89, .92, .85, .98
144.0, 183.92, .90, .92, .87, .99
185.0, 181.01, .89, .91, .87, .98
157.0, 181.56, .90, .91, .88, .96
190.0, 183.31, .89, .90, .86, .99
148.0, 181.31, .90, .92, .85, .99
177.0, 180.35, .89, .91, .86, .97
187.0, 181.70, .89, .90, .85, .99
190.0, 183.41, .90, .91, .88, .97
191.0, 180.69, .91, .90, .86, .97
175.0, 181.77, .88, .90, .86, 1.00
185.0, 182.01, .89, .91, .87, .98
190.0, 183.42, .90, .91, .86, .99
189.0, 177.86, .89, .91, .86, .94
184.0, 184.31, .90, .91, .87, .97
149.0, 180.55, .90, .92, .85, .97
163.0, 178.22, .89, .92, .84, .98
170.0, 170.71, .90, .92, .78, .99
164.0, 160.79, .89, .91, .76, .99
143.0, 154.15, .89, .91, .76, .96
147.0, 152.10, .88, .91, .71, 1.00
169.0, 164.16, .89, .92, .77, .99
185.0, 176.88, .88, .93, .85, .96
143.0, 179.88, .90, .92, .83, .99
182.0, 171.65, .88, .91, .86, .92
183.0, 181.48, .88, .92, .85, .99
181.0, 180.99, .88, .91, .87, .97
178.0, 175.78, .89, .93, .86, .95
207.0, 178.37, .89, .91, .84, .97
179.0, 177.77, .88, .90, .84, .99
187.0, 177.64, .89, .91, .83, .99
150.0, 180.25, .89, .91, .86, .97
174.0, 185.76, .90, .92, .87, .98
190.0, 180.44, .89, .92, .87, .96
167.0, 183.89, .89, .92, .85, .99
183.0, 181.36, .89, .91, .87, .97
179.0, 175.15, .89, .91, .87, .94
183.0, 183.46, .91, .90, .85, .99
187.0, 175.27, .89, .92, .85, .94
198.0, 182.68, .91, .91, .86, .97
147.0, 181.40, .90, .92, .86, .95
188.0, 174.76, .89, .91, .87, .93
177.0, 176.26, .90, .91, .83, .97
147.0, 169.88, .91, .92, .87, .89
193.0, 185.09, .90, .90, .92, .92
164.0, 184.47, .92, .91, .87, .97
179.0, 189.86, .90, .91, .91, .97
188.0, 190.38, .89, .92, .89, .98
204.0, 192.42, .90, .92, .90, .99
209.0, 191.91, .90, .91, .91, .99
198.0, 195.95, .91, .90, .91, .99
204.0, 197.02, .90, .91, .92, .98
172.0, 193.14, .89, .91, .92, .98
197.0, 185.50, .91, .90, .91, .93
189.0, 194.90, .89, .92, .90, .98
208.0, 199.08, .91, .92, .94, .97
191.0, 198.68, .91, .90, .92, 1.00
188.0, 186.82, .90, .91, .91, .96
153.0, 188.74, .91, .91, .90, .94
190.0, 186.19, .90, .92, .90, .94
149.0, 189.54, .89, .92, .91, .96
157.0, 188.09, .89, .93, .91, .95
205.0, 191.31, .90, .91, .91, .98
175.0, 192.88, .87, .91, .90, .99
162.0, 186.45, .91, .91, .91, .95
185.0, 192.80, .90, .91, .91, .98
187.0, 185.50, .91, .90, .92, .94
196.0, 188.69, .89, .92, .89, .97
208.0, 197.97, .90, .92, .92, .99
167.0, 178.14, .89, .90, .92, .91
195.0, 190.21, .90, .91, .92, .97
190.0, 187.91, .90, .92, .88, .97
200.0, 195.41, .90, .92, .91, .99
209.0, 188.69, .90, .93, .91, .95
195.0, 192.55, .90, .92, .92, .95
204.0, 190.90, .91, .91, .91, .96
206.0, 182.09, .90, .90, .92, .91
197.0, 186.25, .89, .91, .91, .93
205.0, 187.34, .90, .90, .92, .94
202.0, 194.25, .91, .91, .92, .99
148.0, 184.14, .91, .92, .92, .93
187.0, 181.03, .90, .92, .91, .90
186.0, 192.77, .91, .92, .90, .98
203.0, 196.71, .91, .92, .92, 1.00
203.0, 192.00, .90, .91, .92, .94
202.0, 192.36, .90, .94, .90, .97
207.0, 196.54, .91, .93, .91, 1.00
199.0, 182.99, .90, .93, .89, .92
209.0, 196.87, .90, .93, .93, .96
209.0, 190.77, .89, .93, .90, .94
169.0, 183.84, .88, .92, .92, .90
201.0, 190.93, .88, .92, .90, .96
208.0, 193.43, .89, .92, .92, .99
208.0, 196.81, .89, .92, .92, 1.00
188.0, 196.52, .90, .93, .91, .99
207.0, 197.63, .89, .92, .93, .98
191.0, 199.23, .89, .94, .92, .98
213.0, 195.36, .91, .93, .90, .99
151.0, 191.49, .88, .93, .89, .97
170.0, 162.43, .89, .93, .78, .93
177.0, 160.25, .88, .92, .78, .94
150.0, 165.95, .89, .91, .78, .98
159.0, 151.49, .89, .92, .74, .91
159.0, 164.31, .89, .93, .77, .99
157.0, 157.97, .88, .91, .75, .99
163.0, 156.87, .90, .93, .74, .96
159.0, 157.58, .89, .93, .74, .94
152.0, 157.42, .88, .92, .75, .96
167.0, 154.42, .88, .91, .73, .98
180.0, 154.47, .90, .93, .74, .94
161.0, 163.00, .89, .92, .77, .99
161.0, 155.80, .88, .93, .73, .99
165.0, 155.46, .89, .92, .76, .95
146.0, 157.78, .89, .93, .74, .96
167.0, 155.17, .88, .93, .74, .98
157.0, 155.15, .90, .93, .74, .97
153.0, 154.95, .90, .93, .74, .97
172.0, 165.70, .90, .93, .77, .98
179.0, 160.31, .90, .92, .75, .96
187.0, 157.75, .89, .92, .74, .99
164.0, 168.28, .90, .93, .78, .98
168.0, 151.01, .90, .91, .75, .92
161.0, 159.97, .90, .93, .74, .99
180.0, 162.42, .90, .93, .75, .99
152.0, 161.23, .90, .92, .74, 1.00
150.0, 161.70, .88, .92, .75, .98
161.0, 149.25, .91, .93, .74, .87
148.0, 159.68, .89, .92, .74, 1.00
175.0, 153.77, .89, .92, .74, .96
163.0, 156.75, .90, .93, .75, .96
152.0, 158.58, .90, .93, .74, .98
167.0, 151.24, .90, .91, .72, .97
174.0, 156.14, .90, .92, .75, .97
150.0, 160.53, .90, .93, .75, .99
158.0, 150.41, .89, .91, .72, .94
177.0, 155.81, .90, .93, .73, .99
164.0, 162.60, .88, .93, .75, .99
159.0, 149.35, .88, .91, .75, .93
178.0, 155.84, .88, .91, .75, .98
192.0, 166.04, .88, .90, .79, .97
161.0, 166.44, .89, .92, .80, .97
174.0, 158.08, .88, .91, .80, .91
147.0, 163.45, .88, .93, .78, .97
179.0, 154.70, .88, .93, .75, .96
154.0, 156.91, .88, .92, .78, .92
155.0, 150.66, .89, .91, .73, .94
151.0, 157.73, .88, .92, .76, .97
181.0, 161.02, .88, .93, .77, .91
181.0, 173.82, .89, .93, .81, .99
183.0, 166.26, .87, .92, .81, .94
160.0, 167.11, .89, .93, .80, .96
157.0, 163.49, .88, .94, .78, .93
173.0, 166.95, .89, .93, .78, .99
162.0, 153.51, .88, .91, .74, .97
146.0, 157.30, .88, .93, .74, .99
176.0, 170.30, .89, .93, .80, .98
185.0, 174.46, .86, .93, .84, .95
181.0, 184.59, .89, .92, .87, .99
179.0, 184.49, .88, .93, .86, .98
185.0, 182.82, .90, .93, .87, .97
185.0, 186.36, .87, .92, .86, .99
194.0, 185.88, .90, .92, .86, .99
176.0, 180.92, .88, .91, .87, .96
186.0, 184.53, .88, .94, .85, 1.00
198.0, 185.97, .91, .93, .86, .99
195.0, 185.53, .91, .94, .85, .99
158.0, 180.85, .90, .93, .84, .96
163.0, 182.76, .90, .93, .86, .94
192.0, 185.50, .90, .91, .87, .97
187.0, 179.42, .90, .91, .86, .96
151.0, 182.53, .90, .93, .85, .98
188.0, 180.28, .91, .93, .86, .94
175.0, 183.56, .90, .92, .86, .98
188.0, 180.58, .89, .92, .85, .97
179.0, 186.93, .91, .92, .87, .99
181.0, 182.86, .90, .93, .85, .97
158.0, 179.61, .88, .93, .86, .96
185.0, 185.03, .90, .93, .88, .96
192.0, 179.54, .89, .93, .85, .96
192.0, 196.49, .90, .93, .92, .98
165.0, 193.65, .89, .92, .91, .97
157.0, 199.79, .90, .94, .92, .99
199.0, 196.15, .89, .93, .93, .97
193.0, 190.73, .90, .91, .92, .95
168.0, 173.37, .89, .93, .90, .86
168.0, 176.53, .88, .92, .86, .96
182.0, 194.74, .89, .93, .91, 1.00
200.0, 192.46, .90, .92, .91, .99
192.0, 193.58, .90, .92, .93, .97
169.0, 189.33, .90, .93, .90, .96
194.0, 192.64, .89, .92, .89, .98
195.0, 196.53, .90, .93, .92, .98
192.0, 198.48, .91, .93, .92, .99
205.0, 196.19, .91, .93, .91, .99
199.0, 199.54, .89, .92, .93, .99
195.0, 192.47, .89, .92, .92, .96
207.0, 191.52, .89, .93, .91, .96
191.0, 192.62, .88, .92, .93, .96
194.0, 198.34, .91, .89, .93, 1.00
196.0, 192.61, .89, .89, .92, .99
187.0, 194.35, .92, .90, .91, 1.00
197.0, 185.39, .90, .88, .91, .97
205.0, 195.08, .92, .90, .93, .99
198.0, 186.44, .90, .90, .92, .95
209.0, 194.52, .91, .89, .92, .99
154.0, 187.09, .91, .90, .91, .96
197.0, 196.87, .92, .91, .92, .98
201.0, 191.29, .93, .91, .92, .96
194.0, 194.77, .93, .91, .92, .99
201.0, 195.00, .91, .92, .92, .97
205.0, 195.20, .91, .91, .92, .99
190.0, 190.71, .91, .90, .90, .98
202.0, 193.51, .91, .90, .92, 1.00
149.0, 182.39, .92, .90, .88, .96
187.0, 175.29, .91, .91, .84, .97
189.0, 176.02, .91, .91, .87, .96
183.0, 186.18, .89, .90, .89, .99
194.0, 188.97, .91, .90, .90, .98
203.0, 183.52, .90, .91, .87, .97
206.0, 189.11, .91, .91, .91, .96
203.0, 193.49, .91, .90, .91, .99
204.0, 195.64, .91, .93, .90, .99
199.0, 194.33, .91, .93, .91, .97
206.0, 198.74, .91, .93, .92, .99
199.0, 188.69, .91, .93, .89, .95
209.0, 195.23, .90, .93, .92, .97
207.0, 199.68, .92, .92, .92, .99
165.0, 196.15, .93, .92, .92, .98
203.0, 198.62, .91, .93, .93, .97
209.0, 198.68, .91, .93, .92, .97
211.0, 199.01, .93, .92, .92, .99
210.0, 197.95, .92, .93, .92, .97
211.0, 192.93, .92, .93, .92, .93
210.0, 196.47, .92, .93, .92, .95
186.0, 193.44, .92, .92, .89, .97
199.0, 199.69, .92, .93, .91, .99
195.0, 198.23, .92, .91, .91, .98
188.0, 193.92, .91, .93, .90, .97
196.0, 192.49, .92, .93, .89, .99
200.0, 200.64, .92, .93, .91, .99
209.0, 199.43, .92, .93, .92, .98
214.0, 198.06, .93, .92, .91, .98
189.0, 198.99, .92, .93, .90, 1.00
201.0, 188.73, .90, .91, .90, .96
212.0, 196.10, .93, .92, .90, 1.00
209.0, 188.97, .92, .94, .92, .90
166.0, 200.54, .92, .94, .92, .97
209.0, 197.19, .92, .94, .90, .98
180.0, 199.00, .92, .91, .92, .99
205.0, 190.46, .90, .93, .92, .93
191.0, 198.42, .93, .93, .94, .96
228.0, 193.89, .91, .91, .92, .95
196.0, 191.84, .90, .92, .91, .96
209.0, 190.20, .92, .93, .91, .94
208.0, 200.19, .91, .93, .91, 1.00
197.0, 196.47, .91, .92, .92, .97
204.0, 192.45, .91, .92, .90, .99
190.0, 193.15, .92, .90, .93, .97
199.0, 190.58, .92, .89, .92, .98
186.0, 194.69, .90, .91, .92, .99
192.0, 192.92, .92, .91, .92, .98
188.0, 194.09, .91, .90, .91, .99
200.0, 190.69, .91, .90, .92, .95
194.0, 193.38, .92, .89, .93, 1.00
150.0, 187.72, .92, .89, .91, .97
194.0, 184.78, .93, .90, .91, .93
199.0, 189.53, .91, .89, .91, .97
206.0, 188.42, .92, .90, .92, .95
193.0, 184.74, .92, .90, .91, .94
192.0, 188.48, .93, .91, .86, .97
197.0, 191.40, .90, .89, .92, .98
149.0, 187.04, .90, .88, .92, .95
206.0, 193.73, .92, .91, .90, .99
202.0, 191.47, .90, .90, .90, 1.00
195.0, 194.23, .90, .91, .91, .99
212.0, 201.74, .92, .94, .92, .99
204.0, 199.79, .91, .93, .91, .98
215.0, 193.26, .92, .93, .91, .94
180.0, 198.57, .91, .94, .91, .97
180.0, 198.99, .91, .93, .90, .99
210.0, 202.47, .90, .94, .92, .99
151.0, 197.03, .91, .94, .93, .94
216.0, 194.10, .93, .93, .92, .95
177.0, 196.85, .91, .93, .92, .95
211.0, 198.51, .93, .95, .92, .95
210.0, 201.42, .94, .94, .91, .98
202.0, 200.85, .92, .95, .91, .98
184.0, 197.90, .91, .95, .89, 1.00
203.0, 194.00, .91, .94, .92, .94
202.0, 198.18, .91, .93, .93, .96
205.0, 194.13, .93, .92, .90, .94
205.0, 202.59, .92, .93, .92, .99
181.0, 197.12, .91, .94, .90, .98
165.0, 198.78, .90, .93, .91, .99
198.0, 190.20, .92, .92, .91, .94
211.0, 196.22, .90, .94, .93, .97
215.0, 194.58, .91, .93, .90, .98
167.0, 195.06, .90, .94, .90, .97
191.0, 197.98, .92, .94, .92, .96
203.0, 201.31, .91, .94, .91, .98
200.0, 195.77, .92, .94, .91, .97
214.0, 200.46, .91, .94, .91, .98
202.0, 201.60, .92, .93, .92, .99
208.0, 197.33, .92, .95, .93, .94
196.0, 200.57, .92, .95, .91, .98
194.0, 203.00, .92, .94, .91, .99
210.0, 204.82, .91, .93, .93, 1.00
205.0, 196.40, .92, .94, .92, .95
204.0, 205.20, .91, .95, .92, .98
165.0, 199.66, .92, .94, .90, .99
209.0, 201.57, .94, .94, .91, .99
187.0, 205.26, .92, .95, .92, .99
152.0, 203.61, .92, .93, .92, .99
202.0, 198.00, .92, .92, .92, .97
197.0, 194.04, .93, .92, .91, .96
198.0, 194.86, .92, .91, .91, .98
215.0, 196.59, .93, .93, .92, .96
216.0, 204.69, .92, .95, .93, .97
190.0, 201.43, .93, .94, .91, .98
211.0, 195.79, .93, .92, .91, .96
210.0, 198.04, .91, .93, .93, .95
225.0, 204.08, .92, .94, .92, 1.00
202.0, 192.50, .90, .90, .91, .97
163.0, 199.58, .92, .92, .92, .99
207.0, 183.45, .93, .90, .92, .90
205.0, 191.24, .93, .91, .92, .93
191.0, 198.14, .93, .91, .92, .97
164.0, 190.49, .93, .90, .91, .93
206.0, 195.67, .90, .92, .92, .99
194.0, 196.37, .92, .92, .92, .97
188.0, 182.00, .91, .92, .86, .98
178.0, 181.33, .91, .90, .86, .98
185.0, 179.25, .92, .92, .85, .97
176.0, 178.40, .92, .91, .84, .99
191.0, 185.29, .90, .93, .86, 1.00
171.0, 176.24, .92, .90, .84, .95
167.0, 158.33, .90, .89, .78, .93
167.0, 164.33, .91, .90, .81, .96
166.0, 164.81, .93, .92, .81, .93
162.0, 166.23, .93, .90, .80, .96
181.0, 182.70, .92, .94, .86, .98
188.0, 173.12, .91, .91, .83, .95
185.0, 163.22, .90, .91, .80, .90
183.0, 168.79, .91, .91, .82, .95
178.0, 178.55, .92, .90, .87, .96
192.0, 178.56, .93, .91, .85, .96
161.0, 170.31, .92, .90, .83, .99
173.0, 169.44, .92, .90, .80, .98
146.0, 167.55, .92, .91, .80, .98
177.0, 168.43, .93, .90, .80, .99
176.0, 172.47, .92, .90, .83, .96
202.0, 170.09, .91, .91, .81, .97
183.0, 171.36, .93, .91, .80, .97
164.0, 159.87, .93, .89, .78, .93
141.0, 160.35, .92, .91, .82, .75
172.0, 162.00, .93, .92, .81, .82
177.0, 163.39, .92, .93, .79, .95
170.0, 173.10, .93, .91, .82, .97
179.0, 167.36, .92, .93, .77, .98
113.0, 174.76, .92, .92, .82, .96
184.0, 159.49, .93, .91, .79, .90
175.0, 165.46, .92, .92, .79, .96
181.0, 171.02, .93, .92, .81, .93
164.0, 168.45, .91, .92, .79, .98
137.0, 157.95, .93, .91, .79, .91
188.0, 172.00, .93, .92, .82, .95
188.0, 170.97, .93, .91, .80, .95
174.0, 173.73, .92, .93, .78, .99
176.0, 171.31, .92, .91, .81, .98
163.0, 175.21, .94, .93, .80, .97
178.0, 171.23, .93, .94, .80, .98
163.0, 170.09, .91, .91, .81, .96
150.0, 170.84, .92, .93, .80, .98
148.0, 164.40, .93, .90, .81, .93
171.0, 178.58, .93, .93, .82, .96
179.0, 163.63, .93, .92, .76, .97
181.0, 179.43, .92, .93, .83, 1.00
181.0, 175.29, .92, .95, .80, .96
172.0, 171.16, .93, .94, .77, .98
173.0, 176.46, .93, .93, .80, .97
183.0, 176.93, .92, .93, .82, .99
182.0, 167.42, .93, .91, .80, .96
168.0, 170.07, .91, .93, .80, .91
181.0, 161.99, .92, .92, .80, .90
148.0, 171.66, .91, .90, .81, .98
174.0, 177.93, .92, .91, .82, .99
168.0, 165.62, .93, .89, .79, .99
164.0, 159.74, .91, .89, .80, .93
165.0, 155.86, .92, .88, .79, .96
162.0, 157.60, .92, .88, .79, .97
148.0, 163.86, .92, .87, .81, .99
173.0, 161.12, .92, .89, .80, .97
160.0, 163.58, .93, .88, .80, .99
121.0, 154.46, .91, .89, .78, .96
161.0, 156.47, .92, .89, .75, .97
164.0, 158.32, .91, .90, .78, .98
164.0, 155.73, .93, .87, .78, .97
159.0, 161.92, .93, .88, .79, 1.00
158.0, 158.51, .93, .88, .79, .97
164.0, 167.92, .93, .90, .80, .98
161.0, 166.50, .92, .87, .81, .99
172.0, 162.08, .92, .89, .79, .96
150.0, 158.09, .91, .87, .79, .96
185.0, 157.42, .91, .89, .80, .96
138.0, 175.74, .91, .88, .86, .97
178.0, 173.93, .92, .88, .87, .97
182.0, 168.19, .91, .88, .85, .94
166.0, 171.27, .91, .89, .87, .90
190.0, 172.39, .92, .88, .85, .94
183.0, 181.31, .92, .89, .87, 1.00
177.0, 178.61, .91, .88, .85, .99
178.0, 175.19, .92, .88, .86, .97
178.0, 177.03, .92, .87, .85, .98
175.0, 175.60, .91, .91, .88, .87
196.0, 182.15, .93, .89, .87, .99
179.0, 179.87, .90, .89, .85, .99
189.0, 178.98, .91, .89, .85, .99
177.0, 178.20, .93, .88, .86, .96
199.0, 179.90, .92, .90, .86, .98
169.0, 179.81, .92, .88, .87, .98
173.0, 179.03, .91, .88, .86, .98
178.0, 178.39, .92, .88, .87, .98
202.0, 188.35, .93, .91, .88, .98
208.0, 196.89, .93, .89, .94, .97
169.0, 201.50, .93, .88, .96, .96
152.0, 188.82, .91, .90, .95, .92
202.0, 203.54, .93, .90, .95, .99
205.0, 206.76, .94, .89, .98, .98
220.0, 195.37, .93, .88, .95, .94
229.0, 210.26, .93, .92, .97, 1.00
218.0, 203.62, .94, .91, .95, .98
191.0, 207.79, .93, .90, .99, .96
208.0, 209.23, .92, .90, .98, .99
222.0, 203.54, .93, .89, .95, .99
216.0, 200.69, .92, .90, .96, .97
216.0, 200.59, .93, .88, .97, .97
209.0, 204.66, .93, .90, .95, .99
222.0, 210.56, .93, .90, .97, .99
217.0, 197.20, .93, .88, .96, .94
225.0, 210.47, .95, .92, .96, .99
221.0, 196.28, .92, .92, .97, .91
213.0, 211.06, .93, .89, .98, .98
219.0, 197.13, .93, .88, .96, .96
214.0, 204.89, .93, .89, .98, .96
204.0, 200.89, .94, .89, .97, .95
198.0, 202.36, .93, .91, .94, .99
223.0, 207.82, .93, .91, .96, .97
214.0, 202.94, .93, .92, .98, .92
190.0, 198.75, .92, .91, .95, .96
189.0, 202.72, .93, .91, .96, .95
221.0, 207.87, .93, .90, .97, .98
197.0, 203.42, .92, .90, .94, 1.00
203.0, 202.76, .92, .93, .96, .96
181.0, 213.98, .92, .92, .99, .99
152.0, 212.81, .94, .93, .97, .98
219.0, 192.12, .92, .93, .93, .93
227.0, 207.86, .93, .92, .97, .97
220.0, 208.14, .94, .91, .96, .97
225.0, 202.79, .93, .93, .97, .93
192.0, 210.18, .92, .92, .96, .98
170.0, 199.14, .93, .92, .95, .95
213.0, 206.03, .94, .93, .95, .97
212.0, 211.14, .92, .94, .97, .96
220.0, 218.08, .91, .95, .96, .99
228.0, 214.36, .94, .96, .97, .95
232.0, 213.36, .93, .95, .97, .96
213.0, 216.51, .93, .96, .99, .95
164.0, 217.76, .93, .96, .97, .98
217.0, 210.42, .94, .95, .94, .97
217.0, 214.13, .92, .96, .97, .96
211.0, 214.55, .93, .94, .95, .99
229.0, 211.16, .93, .97, .97, .93
217.0, 222.13, .94, .96, .95, 1.00
234.0, 220.99, .93, .96, .97, .98
174.0, 215.74, .93, .96, .96, .98
234.0, 210.71, .93, .95, .97, .95
162.0, 207.87, .93, .96, .96, .93
239.0, 218.38, .94, .97, .97, .96
227.0, 217.18, .93, .94, .97, .99
170.0, 218.68, .95, .95, .97, .98
229.0, 217.29, .94, .95, .96, 1.00
224.0, 213.06, .94, .94, .97, .96
222.0, 213.52, .93, .96, .97, .96
214.0, 211.33, .92, .95, .97, .96
207.0, 211.11, .93, .96, .96, .95
176.0, 219.94, .93, .95, .97, .99
223.0, 212.89, .92, .95, .96, .96
224.0, 218.13, .93, .95, .96, .99
208.0, 214.43, .92, .95, .95, .99
207.0, 212.74, .91, .96, .95, .98
234.0, 211.80, .94, .96, .97, .96
219.0, 211.20, .93, .95, .95, .97
229.0, 216.82, .93, .95, .97, .97
224.0, 217.62, .93, .95, .96, 1.00
226.0, 213.97, .93, .96, .95, .97
227.0, 222.32, .93, .97, .97, .98
227.0, 216.71, .92, .95, .96, 1.00
232.0, 198.08, .93, .96, .96, .89
198.0, 208.63, .91, .93, .98, .94
211.0, 212.50, .92, .95, .95, .98
205.0, 213.29, .92, .95, .95, .99
212.0, 215.38, .92, .94, .97, .99
220.0, 211.17, .92, .95, .97, .95
226.0, 206.54, .90, .95, .94, .98
210.0, 214.53, .93, .96, .96, .98
216.0, 214.00, .92, .96, .99, .95
219.0, 204.49, .90, .94, .94, .96
225.0, 207.36, .92, .97, .97, .94
223.0, 213.97, .92, .95, .96, .98
220.0, 220.70, .92, .96, .98, .99
210.0, 215.29, .91, .96, .95, .99
227.0, 211.69, .93, .93, .97, .96
213.0, 217.32, .93, .96, .99, .96
219.0, 212.99, .92, .95, .98, .95
215.0, 215.99, .91, .96, .97, .99
222.0, 202.65, .91, .94, .97, .92
180.0, 206.19, .93, .96, .95, .94
215.0, 209.58, .92, .95, .97, .95
225.0, 218.16, .92, .96, .96, .99
218.0, 205.85, .91, .94, .96, .94
201.0, 210.48, .92, .96, .97, .95
230.0, 216.06, .91, .97, .97, .99
229.0, 220.38, .92, .97, .98, .98
202.0, 206.69, .93, .96, .98, .91
163.0, 212.71, .92, .96, .95, .98
214.0, 213.61, .93, .95, .98, .97
177.0, 214.80, .91, .96, .98, .96
212.0, 215.43, .91, .94, .97, .99
208.0, 210.36, .88, .94, .98, .97
229.0, 201.98, .91, .97, .95, .94
213.0, 200.64, .91, .95, .96, .92
213.0, 212.21, .91, .95, .96, .99
225.0, 211.88, .91, .96, .98, .94
207.0, 209.97, .91, .94, .97, .97
178.0, 206.08, .92, .96, .95, .95
219.0, 208.47, .91, .95, .98, .94
219.0, 212.82, .91, .94, .96, .98
216.0, 215.26, .91, .95, .98, .98
221.0, 213.06, .91, .93, .97, .99
204.0, 208.93, .93, .95, .96, .97
207.0, 218.89, .92, .95, .97, .99
218.0, 216.32, .91, .96, .99, .97
222.0, 216.31, .91, .95, .96, .99
214.0, 217.68, .92, .94, .98, .99
213.0, 213.93, .91, .94, .97, .99
210.0, 208.77, .92, .95, .97, .95
211.0, 214.10, .92, .95, .96, .98
215.0, 219.99, .93, .95, .98, .98
236.0, 218.52, .93, .96, .97, .98
233.0, 226.40, .93, .97, .98, 1.00
226.0, 213.47, .93, .95, .98, .95
218.0, 218.36, .93, .96, .97, .97
234.0, 221.69, .94, .97, .97, .99
225.0, 217.14, .93, .94, .98, .98
199.0, 209.84, .92, .96, .95, .95
204.0, 205.77, .93, .96, .94, .96
217.0, 213.99, .92, .95, .97, .97
215.0, 219.80, .92, .95, .97, .99
227.0, 217.60, .92, .96, .97, .97
219.0, 209.86, .94, .96, .97, .94
237.0, 210.56, .93, .96, .97, .94
224.0, 220.22, .93, .97, .97, .99
236.0, 212.92, .94, .96, .97, .94
221.0, 208.77, .92, .94, .96, .96
234.0, 211.14, .92, .96, .97, .96
175.0, 221.36, .92, .97, .99, .98
234.0, 207.09, .93, .95, .97, .94
233.0, 220.04, .93, .94, .99, .98
217.0, 210.21, .94, .96, .97, .94
226.0, 218.03, .93, .95, .97, .98
225.0, 213.96, .92, .95, .97, .97
204.0, 214.61, .92, .94, .96, .99
206.0, 211.03, .93, .96, .94, .97
209.0, 219.58, .92, .96, .97, 1.00
237.0, 221.25, .92, .96, .98, .99
230.0, 212.97, .93, .96, .97, .95
225.0, 211.65, .92, .94, .98, .96
232.0, 212.04, .93, .95, .99, .96
228.0, 212.46, .92, .95, .94, .98
210.0, 214.80, .92, .96, .98, .97
223.0, 217.48, .92, .94, .97, .99
179.0, 213.15, .92, .95, .97, .98
199.0, 213.01, .92, .96, .97, .97
212.0, 209.81, .92, .94, .94, .98
230.0, 214.00, .91, .95, .96, .99
237.0, 214.29, .93, .97, .96, .97
220.0, 220.89, .93, .95, .98, .99
220.0, 211.70, .93, .95, .98, .94
221.0, 210.55, .93, .95, .96, .96
216.0, 213.57, .93, .95, .96, .97
203.0, 213.42, .91, .95, .97, .97
207.0, 215.78, .93, .94, .96, .98
230.0, 214.79, .93, .96, .95, .99
227.0, 212.72, .93, .95, .95, .98
215.0, 211.75, .92, .94, .97, .95
204.0, 220.51, .92, .96, .98, .99
213.0, 209.03, .90, .95, .95, .97
218.0, 208.67, .92, .96, .96, .96
225.0, 215.53, .93, .96, .97, .96
214.0, 216.02, .92, .95, .97, .97
200.0, 218.39, .94, .95, .98, .99
225.0, 212.75, .92, .95, .95, .97
219.0, 204.84, .91, .95, .98, .92
215.0, 211.80, .91, .95, .95, .99
224.0, 205.23, .90, .96, .96, .95
180.0, 218.95, .94, .94, .98, 1.00
225.0, 210.96, .91, .96, .96, .97
224.0, 212.00, .92, .95, .97, .96
223.0, 216.03, .93, .95, .97, .98
229.0, 216.73, .92, .96, .96, .98
220.0, 203.66, .93, .97, .95, .92
222.0, 222.42, .91, .96, .99, 1.00
224.0, 207.23, .92, .95, .97, .95
213.0, 218.15, .92, .95, .98, 1.00
203.0, 212.71, .92, .95, .95, .99
234.0, 220.57, .92, .96, .99, .98
233.0, 206.85, .93, .95, .96, .95
184.0, 220.73, .92, .96, .98, .99
229.0, 224.31, .92, .96, .98, .99
224.0, 212.91, .93, .95, .95, .98
179.0, 216.89, .93, .94, .97, .97
221.0, 221.71, .94, .97, .97, .99
230.0, 224.14, .93, .96, .97, 1.00
219.0, 211.48, .94, .96, .95, .95
227.0, 208.62, .94, .94, .97, .92
209.0, 218.83, .94, .96, .97, .97
233.0, 223.61, .94, .96, .98, .98
227.0, 219.95, .95, .94, .98, .98
225.0, 220.48, .92, .95, .98, .97
209.0, 210.98, .93, .95, .96, .96
221.0, 215.84, .94, .95, .96, .98
223.0, 222.78, .94, .95, .99, .98
234.0, 220.09, .94, .96, .97, .98
218.0, 217.29, .94, .94, .97, .98
182.0, 217.29, .94, .96, .96, .98
227.0, 217.97, .92, .95, .97, .98
234.0, 219.42, .94, .96, .97, .98
232.0, 219.44, .95, .96, .97, .98
231.0, 225.34, .93, .96, .97, .99
236.0, 216.86, .95, .96, .96, .97
237.0, 218.90, .94, .95, .96, .99
179.0, 216.69, .93, .95, .96, .97
226.0, 212.56, .94, .94, .97, .94
223.0, 221.64, .94, .95, .98, .97
233.0, 220.64, .94, .95, .98, .97
219.0, 219.63, .93, .95, .98, .99
164.0, 208.47, .93, .94, .94, .97
197.0, 206.21, .93, .94, .96, .94
219.0, 215.63, .93, .93, .97, .98
197.0, 207.46, .93, .94, .97, .94
195.0, 213.42, .92, .94, .97, .98
155.0, 206.88, .93, .93, .97, .96
220.0, 209.36, .93, .92, .96, .98
219.0, 210.18, .94, .92, .97, .97
216.0, 212.41, .93, .92, .95, .99
201.0, 207.36, .94, .93, .96, .96
221.0, 204.74, .94, .93, .94, .97
222.0, 213.35, .93, .92, .96, .99
199.0, 206.16, .93, .92, .94, .96
219.0, 211.00, .93, .93, .97, .98
219.0, 216.57, .93, .94, .98, .99
216.0, 215.06, .93, .93, .96, 1.00
220.0, 216.65, .93, .93, .96, 1.00
206.0, 208.96, .93, .98, .93, .95
228.0, 226.70, .94, .97, .98, .99
223.0, 221.79, .94, .97, .96, .99
179.0, 208.36, .94, .96, .93, .95
232.0, 225.69, .94, .98, .98, .97
219.0, 214.77, .94, .96, .96, .96
185.0, 221.60, .95, .97, .97, .97
232.0, 220.73, .94, .96, .98, .97
222.0, 223.08, .93, .96, .97, .99
206.0, 216.15, .94, .96, .96, .97
182.0, 221.65, .96, .97, .96, .98
225.0, 221.52, .93, .97, .96, .98
201.0, 225.07, .94, .95, .98, .98
240.0, 220.83, .95, .96, .98, .97
227.0, 220.51, .95, .97, .96, .98
212.0, 217.30, .93, .96, .97, .96
229.0, 224.62, .94, .96, .99, .98
234.0, 222.96, .92, .98, .96, .98
213.0, 222.42, .94, .95, .98, .99
225.0, 225.74, .95, .95, .98, .99
241.0, 220.65, .94, .96, .99, .96
231.0, 217.70, .93, .97, .98, .95
181.0, 211.95, .93, .96, .95, .97
208.0, 216.61, .94, .96, .96, .97
227.0, 222.78, .93, .96, .98, .98
221.0, 205.19, .94, .96, .96, .91
218.0, 215.14, .93, .95, .96, .96
241.0, 221.39, .95, .95, .98, .98
175.0, 221.46, .94, .97, .98, .96
216.0, 222.17, .94, .96, .97, .99
179.0, 219.48, .94, .98, .98, .96
227.0, 219.64, .94, .97, .96, .97
212.0, 219.81, .93, .98, .97, .98
224.0, 213.49, .95, .96, .96, .95
238.0, 222.41, .94, .97, .97, .99
238.0, 219.75, .95, .97, .96, .96
222.0, 218.92, .92, .97, .98, .95
233.0, 213.79, .94, .97, .96, .94
209.0, 214.41, .95, .97, .96, .96
233.0, 222.69, .93, .95, .98, .99
229.0, 215.59, .94, .96, .96, .94
234.0, 215.25, .94, .96, .96, .95
236.0, 217.21, .93, .96, .97, .96
219.0, 217.34, .93, .97, .98, .96
184.0, 215.24, .95, .96, .97, .96
230.0, 227.80, .95, .97, .99, .98
209.0, 212.45, .95, .96, .95, .94
237.0, 224.94, .94, .98, .97, .99
224.0, 221.74, .94, .98, .96, .98
219.0, 218.75, .94, .96, .96, .98
217.0, 220.12, .94, .97, .97, .98
220.0, 222.77, .94, .95, .98, 1.00
230.0, 212.36, .94, .95, .97, .94
227.0, 218.83, .94, .97, .97, .95
170.0, 212.89, .94, .96, .97, .93
218.0, 222.70, .92, .96, .98, .97
239.0, 217.29, .95, .96, .97, .96
234.0, 211.75, .92, .97, .96, .93
216.0, 224.92, .94, .97, .97, .98
219.0, 219.56, .94, .97, .98, .97
235.0, 221.41, .94, .97, .97, .97
213.0, 212.87, .95, .95, .95, .96
228.0, 224.25, .95, .95, .97, .99
218.0, 213.36, .95, .97, .96, .94
145.0, 214.54, .94, .97, .97, .95
184.0, 214.53, .93, .97, .95, .95
207.0, 212.48, .94, .98, .96, .93
200.0, 210.70, .94, .96, .96, .94
211.0, 213.43, .94, .96, .96, .95
226.0, 224.73, .94, .97, .98, .98
236.0, 226.15, .93, .96, .99, .98
211.0, 227.58, .93, .97, .97, 1.00
225.0, 214.54, .94, .97, .97, .95
233.0, 224.37, .94, .97, .97, .99
242.0, 222.81, .94, .98, .97, .98
220.0, 226.17, .94, .98, .97, .99
230.0, 225.62, .94, .97, .98, .99
218.0, 224.20, .95, .97, .97, .98
228.0, 219.87, .94, .97, .96, .98
233.0, 224.31, .96, .96, .96, 1.00
233.0, 230.89, .95, .97, .98, 1.00
227.0, 217.09, .93, .97, .95, .97
224.0, 209.96, .94, .96, .96, .93
230.0, 223.42, .92, .98, .96, 1.00
208.0, 217.91, .94, .97, .97, .96
224.0, 209.31, .94, .95, .97, .92
195.0, 201.67, .94, .94, .93, .93
218.0, 225.01, .94, .96, .98, .99
204.0, 222.25, .94, .96, .97, .99
225.0, 216.13, .93, .96, .97, .97
222.0, 222.32, .93, .96, .97, .99
217.0, 224.73, .93, .97, .97, .98
217.0, 221.64, .93, .97, .96, .99
224.0, 222.51, .94, .97, .97, .99
230.0, 217.45, .93, .97, .97, .96
237.0, 227.15, .94, .98, .98, .98
232.0, 224.91, .94, .98, .98, .98
184.0, 227.86, .93, .98, .99, .99
242.0, 217.78, .94, .95, .98, .95
234.0, 221.37, .94, .98, .94, .99
238.0, 212.46, .94, .96, .96, .94
210.0, 221.75, .93, .98, .97, .97
217.0, 224.20, .94, .97, .97, .99
234.0, 215.67, .94, .97, .98, .94
176.0, 227.50, .93, .97, .98, .99
232.0, 216.12, .94, .96, .98, .96
233.0, 216.22, .95, .97, .95, .97
215.0, 223.54, .94, .97, .98, .96
210.0, 217.73, .94, .97, .95, .97
214.0, 220.86, .93, .96, .96, .99
224.0, 221.24, .93, .98, .96, .99
231.0, 222.14, .93, .97, .98, .97
223.0, 223.16, .93, .97, .97, .99
239.0, 204.08, .95, .97, .96, .89
224.0, 222.10, .94, .98, .96, .98
233.0, 223.39, .94, .97, .97, 1.00
221.0, 219.19, .93, .96, .97, .98
209.0, 218.28, .93, .96, .97, .98
234.0, 219.04, .93, .98, .97, .96
227.0, 226.92, .94, .96, .98, .99
231.0, 219.74, .93, .97, .97, .97
214.0, 218.36, .94, .96, .97, .96
236.0, 216.21, .95, .97, .94, .99
207.0, 211.24, .93, .97, .95, .94
227.0, 211.07, .94, .97, .96, .93
223.0, 224.58, .93, .97, .97, .98
205.0, 218.64, .94, .97, .94, .99
238.0, 222.34, .95, .96, .98, .99
224.0, 221.19, .94, .96, .98, .97
237.0, 219.91, .94, .96, .96, .98
234.0, 222.46, .93, .97, .97, .98
211.0, 222.92, .94, .96, .98, .97
227.0, 223.51, .93, .95, .97, .99
176.0, 219.92, .94, .96, .98, .95
239.0, 217.30, .93, .97, .97, .96
217.0, 226.44, .95, .99, .98, .97
235.0, 226.19, .93, .96, .98, .99
231.0, 224.95, .95, .96, .98, .97
231.0, 222.20, .94, .94, .98, .99
238.0, 225.03, .94, .95, .98, .99
234.0, 226.65, .94, .98, .97, .99
229.0, 209.99, .91, .97, .97, .93
232.0, 218.81, .93, .96, .96, .98
230.0, 213.27, .92, .95, .99, .93
213.0, 215.68, .95, .97, .97, .94
192.0, 213.23, .94, .97, .96, .94
229.0, 227.02, .94, .98, .97, .99
229.0, 225.17, .94, .96, .98, .98
176.0, 221.51, .95, .96, .98, .96
226.0, 224.87, .93, .96, .98, .99
242.0, 212.73, .93, .97, .98, .93
183.0, 219.15, .95, .96, .98, .96
229.0, 217.31, .92, .97, .96, .96
229.0, 218.31, .94, .98, .96, .97
184.0, 219.20, .94, .97, .97, .95
176.0, 213.45, .93, .97, .98, .94
211.0, 218.70, .93, .96, .98, .95
224.0, 222.93, .94, .96, .98, .98
211.0, 212.97, .94, .97, .97, .95
234.0, 220.53, .94, .97, .96, .99
242.0, 223.36, .95, .97, .97, .99
225.0, 213.81, .94, .94, .96, .95
224.0, 222.45, .95, .97, .97, .97
234.0, 217.94, .94, .98, .94, .98
234.0, 224.00, .93, .96, .98, .99
235.0, 226.75, .94, .97, .98, .98
230.0, 228.22, .92, .97, .98, .99
183.0, 211.28, .93, .96, .98, .92
237.0, 212.51, .94, .95, .98, .93
217.0, 226.46, .94, .97, .99, .98
222.0, 219.03, .93, .96, .95, .98
166.0, 217.41, .92, .96, .98, .96
206.0, 220.99, .94, .96, .97, .97
232.0, 221.16, .94, .96, .97, .99
236.0, 221.32, .94, .95, .97, .98
219.0, 219.74, .94, .97, .96, .97
210.0, 220.63, .94, .95, .99, .97
233.0, 212.20, .94, .97, .94, .95
211.0, 223.44, .93, .97, .97, .98
226.0, 223.86, .94, .98, .98, .97
221.0, 223.17, .94, .97, .98, .98
232.0, 211.08, .93, .96, .94, .96
236.0, 222.91, .94, .96, .97, .98
235.0, 219.75, .95, .96, .97, .96
238.0, 225.77, .94, .96, .97, 1.00
220.0, 225.11, .94, .97, .96, 1.00
182.0, 218.97, .93, .97, .99, .95
214.0, 211.75, .95, .96, .95, .94
237.0, 223.25, .93, .97, .97, .99
228.0, 224.57, .93, .96, .97, .99
211.0, 226.31, .93, .96, .97, .99
234.0, 220.38, .94, .97, .96, .97
211.0, 225.56, .95, .96, .98, .98
179.0, 220.60, .93, .96, .98, .97
230.0, 217.93, .94, .96, .98, .96
235.0, 222.91, .94, .98, .98, .97
222.0, 219.21, .93, .97, .98, .96
218.0, 214.68, .92, .96, .96, .96
221.0, 219.44, .94, .97, .96, .98
207.0, 223.53, .93, .96, .98, .99
212.0, 222.79, .93, .96, .97, .99
231.0, 214.92, .94, .94, .98, .96
233.0, 220.88, .93, .97, .96, .99
205.0, 225.09, .93, .98, .98, .99
224.0, 214.51, .93, .95, .94, .99
239.0, 213.96, .93, .96, .94, .98
213.0, 223.96, .94, .97, .97, .99
229.0, 214.22, .93, .96, .97, .96
220.0, 218.23, .92, .97, .97, .99
177.0, 222.73, .92, .97, .98, .98
233.0, 220.74, .92, .96, .97, .98
227.0, 220.26, .94, .96, .97, .97
105.0, 219.99, .94, .98, .98, .96
226.0, 213.84, .93, .97, .97, .94
215.0, 217.57, .93, .97, .97, .96
234.0, 215.22, .92, .98, .98, .94
231.0, 214.10, .93, .96, .98, .96
223.0, 222.62, .92, .97, .97, .98
233.0, 209.76, .94, .97, .98, .92
212.0, 217.57, .93, .97, .96, .97
206.0, 226.48, .93, .98, .98, .99
174.0, 220.97, .92, .96, .97, .98
239.0, 221.19, .92, .98, .98, .97
184.0, 225.26, .94, .97, .96, 1.00
180.0, 214.04, .93, .96, .98, .94
235.0, 217.49, .93, .97, .98, .95
220.0, 211.24, .92, .96, .95, .96
241.0, 220.32, .94, .96, .96, .99
219.0, 221.34, .95, .98, .97, .97
231.0, 215.52, .93, .99, .97, .94
236.0, 219.56, .94, .97, .97, .97
211.0, 206.68, .94, .96, .96, .93
226.0, 213.66, .92, .97, .97, .95
223.0, 217.00, .94, .97, .97, .96
224.0, 222.33, .95, .97, .97, .97
236.0, 220.04, .94, .97, .95, .98
223.0, 223.08, .96, .96, .97, .99
233.0, 228.02, .92, .96, .98, .99
229.0, 220.22, .95, .97, .98, .96
211.0, 222.59, .95, .97, .97, .98
237.0, 223.74, .94, .97, .98, .97
234.0, 219.00, .94, .97, .97, .95
205.0, 212.38, .94, .96, .95, .95
237.0, 222.67, .94, .96, .98, .98
180.0, 219.47, .95, .97, .95, .97
177.0, 209.08, .95, .97, .94, .94
231.0, 221.62, .95, .96, .94, .99
223.0, 215.94, .94, .97, .94, .97
236.0, 211.78, .95, .96, .95, .94
178.0, 224.36, .94, .98, .98, .97
211.0, 219.77, .94, .96, .94, .99
222.0, 225.10, .94, .95, .97, .99
208.0, 222.13, .95, .95, .98, .98
171.0, 220.36, .95, .98, .96, .97
241.0, 210.64, .94, .97, .97, .92
230.0, 216.24, .93, .97, .95, .96
239.0, 223.69, .94, .96, .97, .99
226.0, 227.44, .94, .97, .99, .98
225.0, 223.39, .92, .96, .98, .99
238.0, 214.48, .94, .96, .95, .96
247.0, 221.44, .96, .96, .97, .96
234.0, 219.53, .95, .96, .97, .96
223.0, 224.31, .93, .97, .98, .98
222.0, 213.03, .94, .97, .98, .93
191.0, 206.85, .95, .96, .92, .95
233.0, 211.97, .94, .97, .98, .92
229.0, 220.27, .94, .97, .95, 1.00
223.0, 221.50, .94, .97, .96, .98
236.0, 225.62, .95, .98, .97, .98
228.0, 226.12, .92, .96, .98, 1.00
234.0, 226.96, .95, .97, .97, .99
227.0, 226.53, .96, .97, .98, .99
221.0, 218.42, .94, .96, .97, .96
209.0, 220.03, .93, .97, .97, .96
226.0, 216.98, .95, .98, .95, .97
223.0, 214.70, .95, .97, .96, .95
215.0, 216.45, .95, .97, .96, .95
220.0, 217.45, .95, .96, .94, .97
231.0, 220.63, .94, .97, .96, .98
213.0, 218.37, .94, .97, .96, .96
240.0, 222.61, .95, .97, .96, .99
231.0, 222.27, .95, .96, .96, 1.00
225.0, 219.89, .94, .97, .96, .97
217.0, 219.92, .94, .96, .98, .97
242.0, 217.26, .95, .97, .96, .97
225.0, 214.02, .94, .97, .97, .93
219.0, 224.89, .94, .96, .96, .99
184.0, 214.44, .94, .98, .97, .93
230.0, 210.45, .94, .97, .95, .94
219.0, 221.12, .94, .97, .97, .96
235.0, 209.16, .95, .96, .98, .90
217.0, 215.87, .94, .96, .96, .96
183.0, 223.53, .94, .96, .97, .99
235.0, 225.72, .93, .96, .98, .99
226.0, 223.98, .94, .98, .95, .99
220.0, 221.69, .95, .98, .96, .97
227.0, 228.91, .95, .97, .99, .99
202.0, 224.65, .94, .97, .97, 1.00
239.0, 215.02, .94, .97, .97, .93
180.0, 225.06, .94, .98, .98, .97
218.0, 225.13, .94, .96, .97, .98
173.0, 217.31, .94, .97, .97, .95
217.0, 220.46, .95, .97, .96, .97
183.0, 220.63, .94, .96, .96, .98
233.0, 226.44, .95, .96, .98, .99
241.0, 221.23, .94, .97, .98, .95
186.0, 222.03, .93, .98, .96, .97
234.0, 207.97, .93, .97, .98, .90
229.0, 220.20, .94, .95, .96, .99
241.0, 222.04, .94, .97, .96, .98
216.0, 223.53, .94, .97, .98, .97
178.0, 220.24, .95, .96, .97, .97
216.0, 213.19, .94, .96, .96, .94
161.0, 217.69, .93, .96, .98, .96
231.0, 221.59, .94, .97, .98, .96
224.0, 212.07, .93, .96, .96, .93
226.0, 222.03, .94, .96, .97, .97
236.0, 224.28, .94, .96, .96, 1.00
240.0, 214.42, .94, .97, .97, .94
226.0, 225.76, .94, .98, .96, .99
233.0, 226.50, .93, .97, .98, .99
170.0, 221.05, .94, .97, .98, .96
217.0, 215.52, .93, .97, .97, .95
210.0, 213.75, .94, .98, .95, .95
237.0, 224.94, .93, .97, .97, .99
211.0, 218.19, .94, .96, .96, .98
223.0, 229.26, .95, .96, .99, .99
224.0, 215.15, .93, .97, .96, .97
237.0, 219.01, .94, .96, .96, .98
178.0, 214.64, .95, .97, .96, .94
243.0, 221.74, .94, .96, .98, .98
225.0, 222.54, .94, .96, .97, .97
229.0, 223.71, .95, .97, .98, .97
176.0, 224.30, .94, .97, .98, .97
208.0, 218.89, .94, .96, .95, .98
232.0, 224.54, .94, .98, .97, .98
184.0, 221.28, .94, .98, .97, .96
237.0, 221.89, .95, .97, .98, .96
232.0, 210.42, .95, .96, .94, .94
228.0, 225.26, .94, .97, .97, 1.00
183.0, 215.51, .93, .95, .98, .94
181.0, 220.12, .94, .97, .98, .96
187.0, 214.12, .94, .96, .97, .95
184.0, 219.91, .95, .95, .99, .96
186.0, 224.12, .95, .96, .97, .98
226.0, 223.50, .94, .98, .97, .98
215.0, 220.43, .95, .97, .96, .97
241.0, 223.97, .95, .97, .98, .96
181.0, 216.71, .94, .95, .96, .97
225.0, 228.32, .95, .97, .98, .99
215.0, 219.40, .95, .97, .93, 1.00
224.0, 229.78, .94, .96, .99, .99
212.0, 218.01, .94, .96, .97, .96
231.0, 219.26, .94, .97, .98, .96
212.0, 214.64, .92, .95, .96, .96
233.0, 214.18, .95, .97, .95, .95
234.0, 228.61, .94, .96, .98, .99
233.0, 213.49, .94, .97, .97, .93
192.0, 213.44, .94, .97, .95, .94
169.0, 216.31, .94, .97, .97, .95
227.0, 219.15, .95, .96, .96, .97
220.0, 218.69, .94, .96, .95, .98
235.0, 223.78, .95, .95, .97, .99
233.0, 225.24, .95, .97, .98, .99
173.0, 225.88, .93, .96, .97, .99
223.0, 226.18, .94, .97, .97, .99
223.0, 225.00, .93, .97, .99, .98
225.0, 220.30, .94, .96, .97, .98
217.0, 220.97, .94, .97, .95, .98
230.0, 224.27, .95, .97, .96, .98
184.0, 215.64, .94, .97, .97, .94
185.0, 212.42, .95, .96, .97, .93
244.0, 224.64, .94, .96, .96, .98
233.0, 206.21, .95, .96, .95, .91
233.0, 227.40, .95, .97, .99, .97
240.0, 228.39, .94, .97, .98, .99
221.0, 217.44, .95, .96, .97, .96
234.0, 223.08, .94, .94, .97, .99
232.0, 212.12, .95, .98, .98, .92
241.0, 221.95, .94, .97, .97, .98
234.0, 221.86, .94, .98, .96, .97
235.0, 226.16, .94, .95, .99, .99
221.0, 224.25, .94, .97, .97, .98
220.0, 221.03, .95, .97, .98, .96
226.0, 218.83, .94, .96, .97, .96
245.0, 225.23, .94, .97, .97, 1.00
210.0, 224.64, .93, .96, .97, .99
227.0, 228.23, .95, .97, .98, 1.00
173.0, 215.95, .94, .96, .94, .98
237.0, 213.41, .94, .97, .96, .94
238.0, 222.74, .94, .97, .95, 1.00
182.0, 210.96, .93, .96, .95, .93
214.0, 211.74, .92, .95, .98, .94
211.0, 219.01, .93, .95, .97, .99
182.0, 216.70, .93, .96, .97, .96
199.0, 219.19, .94, .96, .95, .99
215.0, 217.85, .94, .97, .97, .96
219.0, 214.20, .93, .96, .97, .94
232.0, 217.31, .93, .96, .96, .97
243.0, 209.09, .94, .98, .96, .91
235.0, 224.36, .95, .97, .97, .99
203.0, 220.05, .94, .97, .96, .97
168.0, 211.71, .93, .98, .93, .96
229.0, 225.25, .93, .96, .99, .99
184.0, 221.66, .93, .97, .96, .98
213.0, 218.15, .93, .96, .96, .96
222.0, 219.02, .95, .96, .97, .97
190.0, 219.25, .95, .96, .97, .96
240.0, 223.12, .95, .97, .96, .99
225.0, 224.70, .93, .97, .97, .99
230.0, 213.22, .94, .96, .96, .95
244.0, 223.33, .94, .96, .97, .99
224.0, 223.38, .94, .97, .97, .98
173.0, 227.62, .93, .98, .97, .99
239.0, 223.03, .94, .97, .95, .99
215.0, 221.81, .93, .97, .98, .96
219.0, 219.44, .93, .96, .96, .98
183.0, 215.92, .94, .95, .98, .96
182.0, 222.85, .94, .97, .97, .97
239.0, 228.25, .95, .97, .98, .99
216.0, 225.07, .93, .96, .98, .99
235.0, 218.50, .94, .98, .93, .99
243.0, 219.15, .95, .97, .98, .96
238.0, 220.87, .93, .98, .98, .96
222.0, 224.73, .94, .96, .97, .99
224.0, 222.01, .93, .97, .98, .96
219.0, 213.08, .94, .95, .97, .94
224.0, 229.52, .94, .98, .97, 1.00
205.0, 224.19, .94, .96, .98, .99
226.0, 221.03, .94, .96, .96, .99
204.0, 204.62, .94, .96, .96, .91
231.0, 209.89, .94, .96, .95, .96
188.0, 221.37, .94, .95, .96, .99
185.0, 212.96, .94, .97, .95, .95
240.0, 221.26, .94, .96, .97, .98
243.0, 221.47, .95, .97, .97, .96
227.0, 225.77, .94, .98, .97, .98
235.0, 215.45, .94, .98, .95, .95
222.0, 216.92, .94, .97, .96, .96
232.0, 226.13, .93, .96, .98, .99
228.0, 224.92, .95, .97, .97, .98
236.0, 220.48, .94, .98, .96, .97
236.0, 222.08, .94, .96, .97, .98
240.0, 219.23, .94, .98, .96, .97
216.0, 224.16, .93, .96, .96, .99
184.0, 216.18, .95, .97, .97, .95
167.0, 219.84, .94, .94, .98, .98
212.0, 218.87, .95, .96, .96, .97
233.0, 221.98, .94, .96, .97, .97
229.0, 224.42, .94, .96, .98, .97
164.0, 224.62, .94, .95, .97, .99
217.0, 215.89, .94, .97, .97, .94
178.0, 216.71, .94, .96, .96, .96
226.0, 214.55, .94, .96, .95, .95
218.0, 219.20, .95, .97, .95, .96
230.0, 215.21, .94, .97, .96, .97
233.0, 225.30, .95, .98, .98, .98
207.0, 220.93, .94, .97, .96, .97
233.0, 218.95, .94, .96, .95, .98
216.0, 220.75, .95, .96, .97, .96
220.0, 214.11, .95, .98, .96, .94
224.0, 227.07, .94, .97, .98, .99
204.0, 222.20, .94, .96, .97, .99
215.0, 211.72, .94, .97, .96, .93
242.0, 217.56, .95, .96, .95, .98
237.0, 223.92, .93, .95, .97, .99
239.0, 221.42, .94, .97, .97, .96
231.0, 227.74, .95, .97, .97, .99
226.0, 216.10, .95, .96, .97, .95
222.0, 223.01, .95, .96, .96, .98
227.0, 214.76, .95, .96, .98, .93
229.0, 220.32, .95, .95, .97, .99
236.0, 221.52, .93, .96, .97, .99
228.0, 219.66, .94, .97, .98, .96
218.0, 203.31, .95, .96, .94, .91
234.0, 220.31, .94, .97, .97, .97
226.0, 225.16, .95, .97, .97, .99
241.0, 223.79, .94, .96, .99, .96
236.0, 220.23, .95, .97, .96, .97
232.0, 225.19, .94, .97, .97, .99
227.0, 226.91, .95, .95, .99, .99
229.0, 221.85, .95, .96, .97, .98
197.0, 226.12, .93, .97, .98, .98
237.0, 209.93, .94, .97, .95, .93
221.0, 214.83, .95, .97, .96, .95
225.0, 222.18, .95, .96, .96, .99
176.0, 220.04, .94, .97, .97, .97
180.0, 221.73, .95, .97, .97, .97
238.0, 227.82, .94, .97, .97, .99
225.0, 222.25, .94, .97, .97, .97
